portfolio_id,student_id,projects,certifications,github_repositories,github_score
1,1001,1,2,5,13
2,1002,2,2,5,38
3,1003,1,1,5,44
4,1004,2,2,8,41
5,1005,2,3,8,26
6,1006,1,2,8,32
7,1007,2,2,4,46
8,1008,2,2,7,32
9,1009,2,1,4,27
10,1010,1,3,9,28
11,1011,2,2,7,38
12,1012,3,3,11,51
13,1013,4,5,10,61
14,1014,5,4,6,78
15,1015,2,2,3,36
16,1016,2,2,6,29
17,1017,2,1,8,24
18,1018,1,1,6,31
19,1019,2,2,10,37
20,1020,2,1,10,43
21,1021,4,6,4,79
22,1022,2,4,5,42
23,1023,5,5,11,72
24,1024,2,3,5,43
25,1025,4,6,8,75
26,1026,1,2,3,39
27,1027,2,3,8,26
28,1028,5,6,8,84
29,1029,3,3,13,52
30,1030,2,2,5,42
31,1031,3,2,4,44
32,1032,3,4,6,48
33,1033,1,2,5,36
34,1034,3,2,12,53
35,1035,1,2,3,17
36,1036,2,1,10,36
37,1037,2,2,3,49
38,1038,3,3,4,41
39,1039,3,5,9,57
40,1040,1,2,2,44
41,1041,1,3,9,22
42,1042,1,2,3,22
43,1043,1,0,1,18
44,1044,5,4,10,73
45,1045,3,2,8,58
46,1046,2,3,2,17
47,1047,2,2,8,43
48,1048,5,4,14,62
49,1049,2,2,6,40
50,1050,4,3,7,51
51,1051,1,2,2,24
52,1052,1,3,6,34
53,1053,4,4,5,64
54,1054,3,3,4,56
55,1055,3,2,10,37
56,1056,4,3,6,74
57,1057,4,6,10,58
58,1058,3,4,11,57
59,1059,4,5,7,62
60,1060,4,4,10,69
61,1061,2,3,8,48
62,1062,3,5,13,51
63,1063,2,2,12,50
64,1064,4,4,14,51
65,1065,0,2,8,13
66,1066,1,1,2,15
67,1067,1,1,5,33
68,1068,3,3,4,47
69,1069,4,3,4,59
70,1070,1,1,8,25
71,1071,3,2,12,28
72,1072,4,4,10,51
73,1073,1,2,4,20
74,1074,2,1,5,34
75,1075,5,5,6,76
76,1076,2,1,4,45
77,1077,2,2,4,23
78,1078,4,4,4,49
79,1079,2,3,6,51
80,1080,1,3,9,34
81,1081,4,5,10,54
82,1082,4,6,11,51
83,1083,4,2,6,74
84,1084,1,2,6,28
85,1085,3,2,9,60
86,1086,4,5,14,74
87,1087,2,2,11,51
88,1088,3,3,12,50
89,1089,3,4,10,43
90,1090,2,2,4,32
91,1091,3,2,12,49
92,1092,3,3,7,31
93,1093,2,4,8,36
94,1094,3,5,12,49
95,1095,2,4,5,31
96,1096,3,1,4,70
97,1097,1,1,11,43
98,1098,0,1,4,23
99,1099,4,4,5,60
100,1100,2,3,2,51
101,1101,4,4,12,62
102,1102,1,1,6,28
103,1103,5,6,7,72
104,1104,1,3,3,30
105,1105,2,3,2,45
106,1106,0,1,0,20
107,1107,4,4,6,51
108,1108,4,5,9,61
109,1109,1,1,10,18
110,1110,3,4,5,44
111,1111,4,5,11,45
112,1112,4,4,6,62
113,1113,2,3,2,43
114,1114,4,5,4,51
115,1115,4,4,9,56
116,1116,1,0,4,24
117,1117,4,4,10,55
118,1118,2,4,9,32
119,1119,1,3,1,39
120,1120,2,1,2,31
121,1121,2,0,2,44
122,1122,3,4,4,48
123,1123,2,1,3,44
124,1124,3,5,5,48
125,1125,3,5,5,59
126,1126,4,5,4,48
127,1127,0,2,0,15
128,1128,2,2,8,42
129,1129,4,5,12,71
130,1130,2,3,11,38
131,1131,2,1,8,58
132,1132,1,1,9,29
133,1133,2,3,2,51
134,1134,4,5,5,70
135,1135,4,3,5,60
136,1136,3,3,11,50
137,1137,2,3,10,39
138,1138,4,4,4,52
139,1139,1,1,11,32
140,1140,4,4,9,67
141,1141,1,2,4,26
142,1142,3,2,6,45
143,1143,2,1,12,52
144,1144,4,5,6,56
145,1145,3,4,4,69
146,1146,3,4,6,46
147,1147,4,3,8,46
148,1148,4,6,11,84
149,1149,3,4,10,38
150,1150,2,1,7,39
151,1151,2,3,4,38
152,1152,5,6,12,84
153,1153,1,3,11,27
154,1154,3,3,5,34
155,1155,3,2,4,56
156,1156,3,2,7,47
157,1157,1,1,2,38
158,1158,2,2,11,59
159,1159,4,3,7,74
160,1160,3,1,6,49
161,1161,4,5,7,55
162,1162,4,4,9,61
163,1163,3,3,7,52
164,1164,4,4,9,70
165,1165,4,5,14,47
166,1166,3,2,6,50
167,1167,5,4,13,85
168,1168,2,3,12,28
169,1169,1,2,1,30
170,1170,4,4,8,56
171,1171,4,4,12,63
172,1172,3,4,13,49
173,1173,2,1,4,51
174,1174,2,3,4,44
175,1175,4,4,4,52
176,1176,2,1,9,44
177,1177,3,5,11,43
178,1178,4,5,12,56
179,1179,4,3,5,44
180,1180,3,2,9,43
181,1181,3,4,4,49
182,1182,2,3,9,47
183,1183,3,4,10,49
184,1184,2,4,6,38
185,1185,2,1,11,45
186,1186,4,6,7,61
187,1187,1,1,10,33
188,1188,4,4,7,63
189,1189,4,4,11,53
190,1190,4,3,14,56
191,1191,3,4,5,34
192,1192,1,1,6,18
193,1193,2,1,5,62
194,1194,5,5,14,55
195,1195,1,2,7,44
196,1196,3,3,8,46
197,1197,1,3,10,24
198,1198,3,4,5,43
199,1199,3,3,12,44
200,1200,4,6,14,61
201,1201,3,3,12,54
202,1202,3,3,9,46
203,1203,3,4,11,45
204,1204,2,2,12,21
205,1205,1,1,11,52
206,1206,5,4,7,77
207,1207,3,2,4,55
208,1208,0,0,2,38
209,1209,1,3,9,22
210,1210,5,5,10,59
211,1211,2,4,11,48
212,1212,3,5,4,50
213,1213,1,1,6,27
214,1214,5,5,8,75
215,1215,1,2,10,20
216,1216,2,2,10,37
217,1217,3,5,8,41
218,1218,5,4,13,76
219,1219,1,2,9,29
220,1220,4,4,8,41
221,1221,1,1,6,43
222,1222,2,0,12,36
223,1223,4,3,10,48
224,1224,2,1,3,47
225,1225,2,4,4,47
226,1226,2,3,6,47
227,1227,2,3,8,53
228,1228,2,1,4,51
229,1229,1,3,1,26
230,1230,3,4,11,37
231,1231,3,2,10,41
232,1232,3,3,11,33
233,1233,3,2,5,35
234,1234,2,2,12,52
235,1235,3,3,11,39
236,1236,5,5,12,78
237,1237,2,0,2,39
238,1238,3,4,10,53
239,1239,5,5,12,64
240,1240,3,3,5,45
241,1241,2,3,5,29
242,1242,4,5,8,60
243,1243,3,4,9,62
244,1244,2,1,2,20
245,1245,1,1,5,28
246,1246,2,3,8,26
247,1247,5,5,5,54
248,1248,2,3,4,55
249,1249,1,2,5,23
250,1250,2,3,10,57
251,1251,1,0,7,15
252,1252,4,3,12,60
253,1253,4,5,4,68
254,1254,1,1,3,35
255,1255,4,5,5,68
256,1256,4,5,4,60
257,1257,4,5,10,52
258,1258,5,5,5,62
259,1259,3,4,7,58
260,1260,4,5,9,52
261,1261,1,2,9,48
262,1262,3,5,13,46
263,1263,2,2,8,52
264,1264,5,5,6,70
265,1265,1,1,8,40
266,1266,4,5,8,71
267,1267,3,5,11,58
268,1268,1,2,3,44
269,1269,0,2,3,16
270,1270,1,2,9,41
271,1271,2,2,11,26
272,1272,5,5,14,57
273,1273,4,3,14,66
274,1274,3,5,8,56
275,1275,1,2,1,33
276,1276,2,2,12,33
277,1277,2,1,10,60
278,1278,3,4,6,39
279,1279,5,6,7,69
280,1280,2,3,3,26
281,1281,1,2,8,37
282,1282,1,2,3,41
283,1283,2,2,6,37
284,1284,3,5,13,51
285,1285,3,3,4,51
286,1286,2,1,11,59
287,1287,1,2,9,26
288,1288,2,2,2,63
289,1289,1,1,5,37
290,1290,1,2,3,22
291,1291,2,3,4,33
292,1292,2,3,2,37
293,1293,2,3,2,26
294,1294,3,3,5,52
295,1295,5,4,5,53
296,1296,3,3,10,24
297,1297,1,1,9,10
298,1298,2,2,8,43
299,1299,2,0,11,49
300,1300,4,6,4,86
301,1301,3,2,10,46
302,1302,3,5,11,46
303,1303,1,1,6,30
304,1304,3,3,9,54
305,1305,4,5,5,60
306,1306,1,2,4,24
307,1307,5,3,10,96
308,1308,2,3,8,29
309,1309,3,5,11,51
310,1310,1,1,4,16
311,1311,1,1,9,40
312,1312,3,5,3,60
313,1313,2,4,3,11
314,1314,4,4,11,62
315,1315,4,2,12,53
316,1316,3,3,9,62
317,1317,4,4,14,69
318,1318,4,3,12,80
319,1319,5,5,8,68
320,1320,3,3,7,43
321,1321,5,4,7,64
322,1322,1,3,4,34
323,1323,2,2,11,39
324,1324,2,4,3,44
325,1325,3,4,3,47
326,1326,2,3,10,39
327,1327,4,4,5,66
328,1328,2,3,4,39
329,1329,1,0,1,45
330,1330,2,2,4,28
331,1331,3,4,5,54
332,1332,3,4,9,64
333,1333,2,1,9,46
334,1334,2,2,10,24
335,1335,2,3,2,42
336,1336,2,2,10,34
337,1337,1,1,7,37
338,1338,5,5,15,77
339,1339,3,4,6,35
340,1340,4,5,8,50
341,1341,1,2,2,50
342,1342,2,2,12,53
343,1343,2,2,11,28
344,1344,3,4,10,52
345,1345,2,2,6,40
346,1346,3,5,10,61
347,1347,1,2,8,44
348,1348,3,2,11,37
349,1349,2,1,3,25
350,1350,3,3,6,43
351,1351,1,2,4,10
352,1352,2,3,3,39
353,1353,1,2,2,17
354,1354,2,2,6,57
355,1355,3,3,13,57
356,1356,5,5,10,63
357,1357,3,5,8,40
358,1358,5,6,9,59
359,1359,3,4,12,48
360,1360,0,2,6,26
361,1361,4,4,12,63
362,1362,0,1,2,17
363,1363,2,2,2,36
364,1364,4,4,7,56
365,1365,0,1,6,21
366,1366,2,2,12,24
367,1367,4,5,9,63
368,1368,5,4,13,67
369,1369,3,4,5,36
370,1370,2,2,6,43
371,1371,4,4,9,43
372,1372,4,5,6,57
373,1373,5,4,11,59
374,1374,3,3,13,46
375,1375,1,1,6,33
376,1376,4,4,8,55
377,1377,2,2,11,24
378,1378,2,4,3,47
379,1379,1,2,8,43
380,1380,2,2,7,32
381,1381,3,2,11,45
382,1382,1,3,7,27
383,1383,1,2,4,35
384,1384,2,3,6,34
385,1385,2,4,11,29
386,1386,3,2,9,58
387,1387,1,3,2,50
388,1388,4,5,9,59
389,1389,2,5,8,31
390,1390,3,2,3,50
391,1391,4,4,13,52
392,1392,3,5,13,31
393,1393,0,1,9,10
394,1394,4,4,11,68
395,1395,3,4,5,52
396,1396,4,4,7,53
397,1397,2,2,3,41
398,1398,4,5,14,58
399,1399,5,6,13,81
400,1400,2,4,2,51
401,1401,1,2,7,18
402,1402,0,1,9,13
403,1403,1,0,1,23
404,1404,2,2,8,26
405,1405,2,3,3,50
406,1406,3,4,6,44
407,1407,2,4,6,34
408,1408,2,3,11,44
409,1409,2,2,11,44
410,1410,3,2,5,65
411,1411,4,5,14,51
412,1412,3,3,12,24
413,1413,2,1,9,33
414,1414,3,2,3,55
415,1415,2,3,10,37
416,1416,4,3,6,66
417,1417,1,2,2,30
418,1418,2,4,8,23
419,1419,3,3,6,40
420,1420,3,4,3,37
421,1421,2,2,2,35
422,1422,2,3,2,17
423,1423,3,3,5,41
424,1424,4,5,7,70
425,1425,1,1,7,26
426,1426,2,2,10,35
427,1427,3,3,11,42
428,1428,2,3,11,47
429,1429,2,4,7,28
430,1430,4,5,12,57
431,1431,2,3,5,40
432,1432,2,2,8,44
433,1433,4,5,7,76
434,1434,3,3,9,54
435,1435,3,4,11,49
436,1436,1,0,2,10
437,1437,3,3,12,28
438,1438,3,3,3,55
439,1439,3,4,8,41
440,1440,2,3,7,21
441,1441,1,2,10,20
442,1442,3,4,12,36
443,1443,4,4,9,84
444,1444,3,3,6,34
445,1445,4,3,4,71
446,1446,1,0,11,37
447,1447,4,5,12,63
448,1448,3,4,11,61
449,1449,5,5,14,72
450,1450,3,3,7,65
451,1451,5,5,15,58
452,1452,3,3,5,57
453,1453,2,2,10,45
454,1454,2,1,9,47
455,1455,3,4,10,49
456,1456,4,3,12,70
457,1457,4,3,7,46
458,1458,3,4,10,54
459,1459,2,3,12,46
460,1460,2,3,9,45
461,1461,2,3,3,58
462,1462,5,4,15,76
463,1463,4,3,7,81
464,1464,4,5,13,60
465,1465,4,3,12,59
466,1466,3,3,12,48
467,1467,1,1,7,33
468,1468,3,3,7,44
469,1469,1,2,2,24
470,1470,2,5,4,30
471,1471,2,1,6,40
472,1472,4,4,10,52
473,1473,2,4,7,49
474,1474,2,2,2,35
475,1475,4,5,9,49
476,1476,3,5,12,59
477,1477,3,5,7,55
478,1478,4,6,12,43
479,1479,3,5,6,58
480,1480,2,3,8,43
481,1481,3,5,12,38
482,1482,4,4,14,55
483,1483,4,4,7,70
484,1484,4,3,8,61
485,1485,2,0,9,37
486,1486,1,2,5,50
487,1487,4,5,7,68
488,1488,5,4,12,70
489,1489,2,1,6,63
490,1490,1,1,2,36
491,1491,2,2,6,33
492,1492,1,2,3,10
493,1493,1,2,4,45
494,1494,3,5,6,71
495,1495,3,3,10,39
496,1496,2,1,12,35
497,1497,3,5,6,58
498,1498,4,5,12,64
499,1499,1,1,5,25
500,1500,2,2,12,38
501,1501,2,2,6,50
502,1502,1,2,8,45
503,1503,1,1,10,11
504,1504,3,3,12,49
505,1505,1,2,2,38
506,1506,1,1,9,35
507,1507,4,6,14,50
508,1508,1,2,6,26
509,1509,3,5,3,30
510,1510,4,5,9,45
511,1511,1,1,6,36
512,1512,2,1,11,46
513,1513,4,3,13,63
514,1514,3,2,11,41
515,1515,3,2,12,46
516,1516,3,4,11,43
517,1517,3,2,11,48
518,1518,2,2,5,42
519,1519,2,4,9,45
520,1520,5,5,9,62
521,1521,2,1,9,36
522,1522,5,4,14,90
523,1523,4,5,7,48
524,1524,2,1,10,44
525,1525,3,3,9,49
526,1526,3,3,8,27
527,1527,4,4,14,75
528,1528,2,4,5,47
529,1529,5,5,12,74
530,1530,1,2,8,16
531,1531,3,1,10,54
532,1532,4,4,12,50
533,1533,2,2,4,34
534,1534,4,4,8,60
535,1535,0,2,7,19
536,1536,2,1,4,51
537,1537,2,2,7,59
538,1538,3,3,6,62
539,1539,2,2,8,34
540,1540,3,4,11,49
541,1541,3,4,4,48
542,1542,3,4,3,57
543,1543,5,4,5,69
544,1544,3,2,6,37
545,1545,1,0,9,31
546,1546,4,4,7,66
547,1547,2,4,6,19
548,1548,3,2,6,52
549,1549,4,4,4,73
550,1550,3,5,8,44
551,1551,2,3,11,42
552,1552,3,2,5,53
553,1553,0,2,3,10
554,1554,3,2,13,55
555,1555,3,5,9,45
556,1556,4,5,13,49
557,1557,1,2,8,26
558,1558,5,4,15,66
559,1559,4,5,4,45
560,1560,1,1,5,26
561,1561,2,2,11,44
562,1562,4,5,14,74
563,1563,2,1,12,37
564,1564,1,1,9,30
565,1565,1,3,3,38
566,1566,2,3,5,24
567,1567,1,2,1,22
568,1568,2,2,6,44
569,1569,3,2,8,57
570,1570,2,2,12,30
571,1571,3,5,3,56
572,1572,2,2,3,43
573,1573,1,2,5,22
574,1574,2,4,3,51
575,1575,4,3,4,45
576,1576,3,4,6,40
577,1577,3,4,7,45
578,1578,4,4,6,54
579,1579,4,6,4,52
580,1580,1,0,3,30
581,1581,2,2,5,28
582,1582,3,2,9,54
583,1583,3,4,12,52
584,1584,4,5,14,48
585,1585,3,3,13,31
586,1586,5,6,5,83
587,1587,4,5,8,54
588,1588,2,4,5,43
589,1589,3,2,12,31
590,1590,4,5,8,59
591,1591,2,2,8,32
592,1592,2,4,3,45
593,1593,3,4,12,51
594,1594,2,2,10,35
595,1595,5,5,10,77
596,1596,4,4,5,51
597,1597,3,3,8,51
598,1598,1,1,5,18
599,1599,1,2,10,39
600,1600,3,4,9,54
601,1601,2,3,4,24
602,1602,3,3,9,39
603,1603,4,5,4,69
604,1604,2,4,10,51
605,1605,0,1,1,20
606,1606,4,3,9,53
607,1607,3,3,13,61
608,1608,2,2,5,43
609,1609,4,5,5,47
610,1610,3,4,4,62
611,1611,3,1,9,52
612,1612,3,4,4,54
613,1613,4,5,4,53
614,1614,4,5,4,67
615,1615,3,4,13,37
616,1616,5,4,12,84
617,1617,5,4,8,50
618,1618,4,5,14,63
619,1619,2,1,6,32
620,1620,4,4,7,44
621,1621,2,3,6,32
622,1622,4,4,9,57
623,1623,1,1,4,25
624,1624,3,3,4,33
625,1625,4,2,12,57
626,1626,2,2,7,50
627,1627,3,3,8,38
628,1628,3,6,3,50
629,1629,3,3,12,47
630,1630,4,3,11,59
631,1631,3,3,11,58
632,1632,4,5,6,75
633,1633,5,4,10,73
634,1634,3,4,7,28
635,1635,4,4,5,49
636,1636,3,5,11,51
637,1637,2,3,5,35
638,1638,3,4,6,73
639,1639,2,3,3,53
640,1640,4,4,7,54
641,1641,5,5,5,72
642,1642,1,2,11,48
643,1643,3,3,4,58
644,1644,3,4,13,46
645,1645,5,5,6,80
646,1646,4,5,5,62
647,1647,4,3,8,62
648,1648,3,5,12,50
649,1649,3,3,10,54
650,1650,2,3,11,41
651,1651,2,4,2,51
652,1652,2,3,10,50
653,1653,2,2,9,27
654,1654,3,5,3,33
655,1655,3,2,12,50
656,1656,4,5,5,67
657,1657,3,5,8,53
658,1658,2,3,7,56
659,1659,2,1,9,40
660,1660,2,1,6,43
661,1661,2,3,6,36
662,1662,3,3,3,44
663,1663,2,3,3,34
664,1664,2,3,3,24
665,1665,4,5,13,59
666,1666,5,5,5,59
667,1667,3,4,8,50
668,1668,5,5,15,61
669,1669,4,4,8,74
670,1670,3,4,9,44
671,1671,1,1,7,29
672,1672,2,3,2,38
673,1673,4,4,8,49
674,1674,4,5,12,63
675,1675,2,2,6,26
676,1676,4,4,8,67
677,1677,2,3,8,41
678,1678,3,4,12,55
679,1679,1,1,11,45
680,1680,2,4,7,30
681,1681,4,5,8,58
682,1682,2,3,10,41
683,1683,3,2,3,45
684,1684,2,2,2,40
685,1685,1,0,2,35
686,1686,4,4,5,81
687,1687,2,2,11,36
688,1688,2,2,7,38
689,1689,4,4,8,50
690,1690,4,5,11,45
691,1691,3,3,4,41
692,1692,3,3,13,58
693,1693,3,5,9,39
694,1694,3,4,12,58
695,1695,2,3,6,66
696,1696,1,1,9,37
697,1697,4,4,6,86
698,1698,2,3,7,51
699,1699,4,5,6,32
700,1700,2,4,6,68
701,1701,1,1,4,17
702,1702,1,3,8,32
703,1703,2,2,12,26
704,1704,1,0,10,17
705,1705,4,4,9,38
706,1706,1,2,4,31
707,1707,2,2,5,43
708,1708,3,4,7,34
709,1709,4,3,5,55
710,1710,1,1,11,33
711,1711,3,2,6,49
712,1712,2,2,4,40
713,1713,3,2,7,41
714,1714,1,2,4,32
715,1715,4,4,9,65
716,1716,3,4,11,50
717,1717,3,5,6,44
718,1718,3,3,4,42
719,1719,0,1,10,14
720,1720,4,4,12,40
721,1721,2,2,10,49
722,1722,2,3,5,45
723,1723,2,1,9,46
724,1724,3,3,10,51
725,1725,5,5,13,69
726,1726,3,4,10,40
727,1727,5,5,7,61
728,1728,2,2,11,44
729,1729,3,4,7,56
730,1730,2,2,10,50
731,1731,3,5,5,51
732,1732,4,4,9,62
733,1733,1,2,1,23
734,1734,2,3,6,48
735,1735,4,6,12,75
736,1736,3,3,5,64
737,1737,3,5,6,44
738,1738,4,4,13,48
739,1739,5,6,11,60
740,1740,4,4,6,70
741,1741,3,4,6,34
742,1742,2,4,7,59
743,1743,1,2,7,30
744,1744,2,3,10,38
745,1745,1,1,5,43
746,1746,5,5,11,64
747,1747,1,2,8,25
748,1748,4,4,8,74
749,1749,2,5,9,38
750,1750,3,3,3,42
751,1751,3,4,8,56
752,1752,3,3,5,51
753,1753,3,2,11,48
754,1754,4,5,8,57
755,1755,4,5,9,51
756,1756,3,2,4,53
757,1757,4,4,6,63
758,1758,2,2,4,35
759,1759,4,4,5,50
760,1760,2,3,5,26
761,1761,5,5,14,69
762,1762,1,1,8,38
763,1763,4,5,5,58
764,1764,3,5,8,31
765,1765,3,3,12,63
766,1766,5,5,8,72
767,1767,4,4,13,58
768,1768,3,5,6,26
769,1769,4,5,4,62
770,1770,4,5,12,40
771,1771,2,1,11,46
772,1772,3,2,3,28
773,1773,4,5,12,61
774,1774,5,4,6,92
775,1775,4,5,5,64
776,1776,2,3,11,48
777,1777,4,5,5,60
778,1778,4,3,7,52
779,1779,2,2,10,38
780,1780,5,4,5,68
781,1781,2,2,12,39
782,1782,4,6,6,49
783,1783,4,3,14,51
784,1784,1,0,9,30
785,1785,4,4,13,46
786,1786,2,2,4,44
787,1787,2,3,7,40
788,1788,4,5,5,61
789,1789,4,6,4,44
790,1790,4,5,13,73
791,1791,2,2,12,39
792,1792,4,5,4,46
793,1793,5,5,12,84
794,1794,1,2,9,23
795,1795,4,6,7,40
796,1796,3,3,13,54
797,1797,3,3,12,56
798,1798,3,3,8,61
799,1799,4,5,9,58
800,1800,2,1,8,20
801,1801,2,2,7,34
802,1802,1,1,1,13
803,1803,2,3,12,66
804,1804,4,3,13,42
805,1805,4,4,5,66
806,1806,2,4,12,31
807,1807,3,3,11,37
808,1808,4,3,12,68
809,1809,1,1,11,23
810,1810,2,3,8,49
811,1811,2,2,9,49
812,1812,1,2,8,34
813,1813,5,5,5,85
814,1814,1,2,8,24
815,1815,1,1,7,23
816,1816,0,2,4,10
817,1817,2,3,6,65
818,1818,4,5,6,57
819,1819,5,6,10,72
820,1820,2,2,10,59
821,1821,4,5,4,60
822,1822,1,2,11,32
823,1823,3,2,3,58
824,1824,3,3,3,61
825,1825,1,1,10,33
826,1826,4,5,5,58
827,1827,2,3,3,37
828,1828,1,2,2,31
829,1829,3,4,4,53
830,1830,2,3,2,15
831,1831,2,2,8,42
832,1832,4,4,4,45
833,1833,3,6,11,56
834,1834,3,3,11,45
835,1835,4,4,7,64
836,1836,5,5,11,52
837,1837,1,2,6,20
838,1838,4,5,7,59
839,1839,2,3,12,38
840,1840,2,3,11,41
841,1841,3,3,8,42
842,1842,2,2,8,27
843,1843,1,2,8,28
844,1844,3,4,12,62
845,1845,4,4,6,57
846,1846,3,3,12,57
847,1847,1,0,4,25
848,1848,1,1,10,23
849,1849,2,2,6,51
850,1850,4,6,14,51
851,1851,2,0,2,23
852,1852,5,5,14,68
853,1853,1,2,9,27
854,1854,3,3,3,51
855,1855,3,2,10,52
856,1856,4,4,5,61
857,1857,2,2,3,42
858,1858,0,2,6,19
859,1859,4,4,9,53
860,1860,4,5,7,43
861,1861,2,2,12,26
862,1862,3,2,10,41
863,1863,3,4,9,47
864,1864,3,3,7,51
865,1865,2,2,2,27
866,1866,4,4,5,72
867,1867,5,5,8,63
868,1868,3,5,13,45
869,1869,3,4,13,60
870,1870,1,2,9,17
871,1871,2,2,3,10
872,1872,1,3,7,23
873,1873,3,3,11,59
874,1874,2,2,5,49
875,1875,2,2,10,21
876,1876,2,2,10,45
877,1877,2,1,5,31
878,1878,3,4,3,34
879,1879,2,3,12,36
880,1880,2,4,6,55
881,1881,2,3,3,25
882,1882,1,1,7,32
883,1883,2,3,7,17
884,1884,3,2,10,43
885,1885,3,3,6,23
886,1886,3,5,4,40
887,1887,3,3,11,61
888,1888,3,2,8,55
889,1889,3,2,10,42
890,1890,1,3,4,38
891,1891,2,3,11,56
892,1892,1,3,3,24
893,1893,4,5,14,73
894,1894,2,2,2,36
895,1895,1,2,10,41
896,1896,3,4,9,41
897,1897,4,5,11,69
898,1898,4,3,9,60
899,1899,3,2,10,61
900,1900,2,3,7,51
901,1901,0,1,6,20
902,1902,1,2,3,24
903,1903,2,3,7,52
904,1904,4,5,13,63
905,1905,1,0,7,16
906,1906,3,3,10,49
907,1907,1,1,3,23
908,1908,3,2,7,48
909,1909,4,4,14,65
910,1910,3,3,8,55
911,1911,3,5,3,29
912,1912,4,4,4,59
913,1913,3,3,6,59
914,1914,5,4,6,63
915,1915,4,4,4,58
916,1916,3,2,8,48
917,1917,2,2,7,47
918,1918,2,3,2,66
919,1919,4,5,8,48
920,1920,1,1,6,28
921,1921,5,4,9,48
922,1922,4,4,4,82
923,1923,1,3,8,34
924,1924,2,2,6,42
925,1925,1,2,10,33
926,1926,4,5,6,51
927,1927,3,3,5,43
928,1928,1,3,8,41
929,1929,3,3,7,60
930,1930,3,2,6,48
931,1931,3,3,12,36
932,1932,4,4,10,53
933,1933,2,3,9,57
934,1934,4,3,9,61
935,1935,2,2,6,40
936,1936,3,5,6,50
937,1937,3,3,6,59
938,1938,2,1,9,30
939,1939,2,4,4,34
940,1940,1,2,4,21
941,1941,2,2,7,35
942,1942,4,6,8,79
943,1943,2,2,7,45
944,1944,2,3,6,44
945,1945,3,4,13,37
946,1946,2,3,3,45
947,1947,2,2,2,39
948,1948,3,4,5,50
949,1949,2,4,5,56
950,1950,5,6,6,55
951,1951,3,5,6,54
952,1952,1,2,4,33
953,1953,3,3,3,41
954,1954,2,3,10,37
955,1955,3,3,8,61
956,1956,1,3,8,22
957,1957,3,4,5,52
958,1958,2,2,3,14
959,1959,3,4,5,32
960,1960,2,3,5,43
961,1961,4,5,4,71
962,1962,3,3,13,55
963,1963,4,4,7,54
964,1964,4,4,7,74
965,1965,3,2,11,57
966,1966,3,3,6,44
967,1967,4,6,5,58
968,1968,2,2,5,50
969,1969,2,3,4,34
970,1970,3,4,10,51
971,1971,3,3,11,45
972,1972,1,1,4,40
973,1973,1,2,3,33
974,1974,3,3,5,38
975,1975,2,3,4,36
976,1976,3,4,9,43
977,1977,4,5,11,62
978,1978,4,4,10,47
979,1979,4,4,8,56
980,1980,1,3,5,39
981,1981,3,5,7,50
982,1982,4,5,11,68
983,1983,2,2,7,54
984,1984,2,2,10,45
985,1985,1,0,4,24
986,1986,2,1,9,48
987,1987,3,4,10,37
988,1988,3,4,5,54
989,1989,2,4,11,36
990,1990,2,2,11,45
991,1991,2,5,6,30
992,1992,2,2,12,49
993,1993,1,2,8,25
994,1994,1,1,10,38
995,1995,3,4,10,54
996,1996,2,1,4,40
997,1997,3,2,10,58
998,1998,3,4,4,56
999,1999,2,1,10,47
1000,2000,3,4,4,56
1001,2001,3,5,3,51
1002,2002,5,6,5,64
1003,2003,2,3,2,44
1004,2004,3,4,10,66
1005,2005,4,3,6,65
1006,2006,4,3,14,71
1007,2007,3,4,8,49
1008,2008,2,3,12,30
1009,2009,3,4,10,62
1010,2010,4,4,4,52
1011,2011,3,5,6,41
1012,2012,1,3,2,34
1013,2013,2,1,4,29
1014,2014,2,2,2,31
1015,2015,2,4,11,37
1016,2016,3,4,3,42
1017,2017,3,5,11,37
1018,2018,0,0,1,16
1019,2019,2,3,5,37
1020,2020,2,3,2,45
1021,2021,3,4,4,30
1022,2022,2,0,11,49
1023,2023,3,4,12,49
1024,2024,2,4,4,26
1025,2025,2,3,4,33
1026,2026,2,2,2,54
1027,2027,1,2,11,23
1028,2028,3,3,3,50
1029,2029,2,2,8,28
1030,2030,2,3,8,33
1031,2031,4,4,10,49
1032,2032,3,3,7,75
1033,2033,3,3,7,45
1034,2034,3,3,9,53
1035,2035,1,2,8,33
1036,2036,1,2,5,21
1037,2037,1,3,6,36
1038,2038,3,3,6,52
1039,2039,3,3,5,44
1040,2040,5,5,6,70
1041,2041,4,3,4,62
1042,2042,4,5,4,56
1043,2043,0,0,9,14
1044,2044,2,2,5,30
1045,2045,2,3,9,39
1046,2046,4,2,13,66
1047,2047,1,2,11,39
1048,2048,4,5,4,48
1049,2049,4,5,5,56
1050,2050,3,3,13,52
1051,2051,3,3,7,32
1052,2052,3,3,12,64
1053,2053,4,5,7,70
1054,2054,3,2,10,52
1055,2055,1,1,10,37
1056,2056,2,2,10,42
1057,2057,4,4,13,42
1058,2058,2,2,4,46
1059,2059,4,3,6,52
1060,2060,3,4,7,55
1061,2061,5,4,10,70
1062,2062,4,5,14,43
1063,2063,0,0,8,26
1064,2064,2,2,3,37
1065,2065,4,4,12,69
1066,2066,1,1,10,33
1067,2067,4,4,11,83
1068,2068,2,3,12,48
1069,2069,5,5,5,47
1070,2070,5,6,14,72
1071,2071,3,5,12,22
1072,2072,3,4,3,52
1073,2073,3,3,8,37
1074,2074,2,2,2,46
1075,2075,5,6,8,56
1076,2076,4,5,10,76
1077,2077,4,5,12,65
1078,2078,4,4,5,50
1079,2079,2,2,9,38
1080,2080,2,2,10,33
1081,2081,1,2,6,40
1082,2082,5,6,8,63
1083,2083,4,3,8,49
1084,2084,2,2,10,47
1085,2085,2,1,3,15
1086,2086,2,2,11,34
1087,2087,3,5,10,41
1088,2088,3,2,10,46
1089,2089,3,4,3,48
1090,2090,2,3,8,32
1091,2091,3,3,6,69
1092,2092,2,1,9,38
1093,2093,0,1,9,18
1094,2094,3,3,4,60
1095,2095,3,5,4,52
1096,2096,3,3,12,72
1097,2097,4,5,13,50
1098,2098,1,2,6,29
1099,2099,2,3,5,41
1100,2100,1,1,9,30
1101,2101,3,2,5,38
1102,2102,2,2,8,36
1103,2103,4,4,12,64
1104,2104,3,4,9,54
1105,2105,3,3,5,45
1106,2106,4,5,6,72
1107,2107,0,1,8,15
1108,2108,4,4,11,67
1109,2109,2,2,6,38
1110,2110,3,3,9,46
1111,2111,3,3,6,46
1112,2112,1,2,9,22
1113,2113,2,2,7,38
1114,2114,5,4,8,71
1115,2115,2,2,7,32
1116,2116,1,1,6,23
1117,2117,3,3,12,45
1118,2118,1,1,4,19
1119,2119,1,1,3,25
1120,2120,5,5,6,68
1121,2121,3,2,5,55
1122,2122,2,4,8,41
1123,2123,3,4,6,44
1124,2124,1,2,2,36
1125,2125,2,2,5,50
1126,2126,4,4,12,48
1127,2127,2,3,8,30
1128,2128,5,5,6,97
1129,2129,3,4,8,46
1130,2130,2,1,3,40
1131,2131,2,2,7,37
1132,2132,3,2,10,43
1133,2133,1,1,8,30
1134,2134,5,6,7,60
1135,2135,4,5,12,70
1136,2136,1,2,5,30
1137,2137,2,4,4,47
1138,2138,4,4,12,74
1139,2139,1,2,5,28
1140,2140,1,2,3,31
1141,2141,2,3,6,29
1142,2142,3,4,9,21
1143,2143,2,1,11,42
1144,2144,4,3,6,58
1145,2145,2,2,4,19
1146,2146,3,2,12,65
1147,2147,2,2,3,69
1148,2148,2,2,8,39
1149,2149,1,2,4,25
1150,2150,1,2,9,35
1151,2151,4,4,14,73
1152,2152,1,2,11,24
1153,2153,5,4,14,59
1154,2154,1,2,2,44
1155,2155,1,2,6,54
1156,2156,1,3,8,28
1157,2157,1,3,3,10
1158,2158,2,3,6,43
1159,2159,4,4,5,67
1160,2160,3,5,8,45
1161,2161,4,5,12,68
1162,2162,3,3,9,60
1163,2163,2,2,7,55
1164,2164,3,4,13,41
1165,2165,1,1,8,31
1166,2166,1,3,8,31
1167,2167,1,2,10,30
1168,2168,2,1,7,37
1169,2169,3,4,12,57
1170,2170,4,4,11,65
1171,2171,2,2,10,41
1172,2172,5,4,11,64
1173,2173,2,2,9,40
1174,2174,2,3,11,47
1175,2175,4,4,11,49
1176,2176,1,2,6,29
1177,2177,1,2,7,27
1178,2178,4,3,4,50
1179,2179,2,1,5,40
1180,2180,4,4,7,53
1181,2181,4,3,10,55
1182,2182,1,2,1,38
1183,2183,4,6,6,77
1184,2184,4,4,6,53
1185,2185,2,2,4,45
1186,2186,1,2,11,32
1187,2187,4,5,4,57
1188,2188,5,4,9,67
1189,2189,4,5,13,69
1190,2190,2,1,2,34
1191,2191,4,4,14,59
1192,2192,1,2,3,31
1193,2193,2,3,2,29
1194,2194,1,1,10,27
1195,2195,3,3,10,47
1196,2196,2,1,7,44
1197,2197,3,3,6,39
1198,2198,2,3,9,48
1199,2199,2,1,9,53
1200,2200,2,4,3,46
1201,2201,1,2,8,28
1202,2202,3,4,9,16
1203,2203,3,3,10,50
1204,2204,3,2,10,53
1205,2205,2,0,12,25
1206,2206,5,5,7,77
1207,2207,4,4,6,51
1208,2208,2,1,12,57
1209,2209,2,3,7,42
1210,2210,4,4,12,55
1211,2211,4,4,5,62
1212,2212,2,3,3,36
1213,2213,4,5,12,59
1214,2214,1,1,6,32
1215,2215,1,2,9,21
1216,2216,1,2,1,36
1217,2217,1,2,10,42
1218,2218,2,3,9,41
1219,2219,3,5,3,51
1220,2220,3,4,9,64
1221,2221,4,4,9,58
1222,2222,5,6,5,81
1223,2223,2,3,4,36
1224,2224,2,4,7,52
1225,2225,5,5,9,71
1226,2226,2,3,5,38
1227,2227,5,5,14,79
1228,2228,3,4,12,42
1229,2229,4,5,9,52
1230,2230,3,4,5,48
1231,2231,3,5,12,52
1232,2232,2,4,5,29
1233,2233,3,4,4,36
1234,2234,2,1,8,55
1235,2235,1,1,9,40
1236,2236,3,3,8,51
1237,2237,1,1,1,46
1238,2238,4,5,13,56
1239,2239,4,6,7,45
1240,2240,3,5,8,49
1241,2241,4,5,10,56
1242,2242,0,2,2,10
1243,2243,3,5,9,66
1244,2244,1,2,10,35
1245,2245,3,4,8,24
1246,2246,2,2,12,55
1247,2247,2,1,12,30
1248,2248,4,4,6,49
1249,2249,2,4,11,55
1250,2250,4,3,4,68
1251,2251,3,3,5,52
1252,2252,3,5,8,58
1253,2253,2,2,6,38
1254,2254,3,5,4,54
1255,2255,2,3,11,59
1256,2256,3,4,9,45
1257,2257,4,3,7,57
1258,2258,4,6,11,48
1259,2259,4,3,14,62
1260,2260,3,3,4,61
1261,2261,1,2,6,26
1262,2262,1,1,11,33
1263,2263,2,2,2,28
1264,2264,3,4,7,60
1265,2265,2,1,2,25
1266,2266,3,4,12,33
1267,2267,3,4,10,50
1268,2268,1,2,7,36
1269,2269,4,5,7,79
1270,2270,1,1,1,14
1271,2271,4,3,4,73
1272,2272,4,4,5,63
1273,2273,2,3,4,45
1274,2274,2,3,3,34
1275,2275,4,4,14,72
1276,2276,4,5,10,53
1277,2277,3,4,9,48
1278,2278,3,3,11,48
1279,2279,3,4,3,55
1280,2280,0,0,5,24
1281,2281,2,2,11,52
1282,2282,2,3,4,41
1283,2283,2,3,4,50
1284,2284,3,4,9,33
1285,2285,1,3,7,44
1286,2286,5,4,15,76
1287,2287,2,2,4,35
1288,2288,4,4,7,64
1289,2289,4,6,5,52
1290,2290,0,2,8,10
1291,2291,2,2,6,39
1292,2292,2,3,8,25
1293,2293,4,4,9,73
1294,2294,1,1,11,21
1295,2295,2,1,9,36
1296,2296,3,3,11,51
1297,2297,2,4,5,53
1298,2298,3,5,4,56
1299,2299,2,1,4,47
1300,2300,1,1,5,24
1301,2301,3,3,5,49
1302,2302,2,3,10,39
1303,2303,2,2,3,31
1304,2304,3,5,7,50
1305,2305,1,1,9,36
1306,2306,2,2,10,42
1307,2307,1,2,5,20
1308,2308,4,3,11,50
1309,2309,3,3,11,30
1310,2310,1,1,9,29
1311,2311,2,4,8,29
1312,2312,4,4,5,49
1313,2313,1,1,5,24
1314,2314,2,3,8,47
1315,2315,3,5,12,49
1316,2316,2,3,10,54
1317,2317,3,3,13,54
1318,2318,2,2,2,48
1319,2319,1,2,10,33
1320,2320,3,2,7,33
1321,2321,3,3,6,65
1322,2322,2,3,7,46
1323,2323,3,5,7,50
1324,2324,2,4,11,38
1325,2325,2,3,9,32
1326,2326,3,4,4,43
1327,2327,4,3,12,41
1328,2328,2,2,7,30
1329,2329,1,2,11,33
1330,2330,4,5,12,69
1331,2331,1,2,7,28
1332,2332,3,4,9,72
1333,2333,3,2,7,33
1334,2334,4,5,6,60
1335,2335,1,3,8,32
1336,2336,4,5,6,51
1337,2337,1,3,10,24
1338,2338,3,4,11,46
1339,2339,1,3,8,46
1340,2340,3,5,9,69
1341,2341,1,2,10,12
1342,2342,2,1,7,30
1343,2343,0,0,5,10
1344,2344,4,4,8,71
1345,2345,0,1,3,13
1346,2346,3,5,6,32
1347,2347,3,4,5,54
1348,2348,2,2,9,38
1349,2349,0,0,4,11
1350,2350,2,3,3,52
1351,2351,1,3,3,57
1352,2352,3,3,3,46
1353,2353,3,3,13,58
1354,2354,1,2,9,10
1355,2355,4,5,8,77
1356,2356,4,5,6,55
1357,2357,2,2,6,47
1358,2358,1,2,10,28
1359,2359,4,2,7,57
1360,2360,2,2,6,47
1361,2361,2,2,11,34
1362,2362,3,3,10,57
1363,2363,1,3,4,28
1364,2364,1,2,3,31
1365,2365,4,5,6,59
1366,2366,2,4,11,36
1367,2367,2,2,11,43
1368,2368,2,1,3,32
1369,2369,2,1,9,26
1370,2370,3,4,10,60
1371,2371,3,3,7,41
1372,2372,3,4,7,60
1373,2373,2,2,11,37
1374,2374,4,4,8,51
1375,2375,4,5,14,84
1376,2376,5,5,5,93
1377,2377,3,6,3,40
1378,2378,2,3,5,41
1379,2379,2,2,2,50
1380,2380,3,5,12,61
1381,2381,3,5,13,63
1382,2382,2,2,3,48
1383,2383,2,1,6,39
1384,2384,3,4,7,53
1385,2385,2,4,10,31
1386,2386,2,1,11,54
1387,2387,3,3,12,72
1388,2388,2,3,10,35
1389,2389,2,1,8,29
1390,2390,2,1,7,36
1391,2391,2,3,10,31
1392,2392,3,6,13,41
1393,2393,2,2,8,40
1394,2394,3,3,4,54
1395,2395,0,1,9,27
1396,2396,2,2,10,24
1397,2397,4,5,8,58
1398,2398,1,1,11,36
1399,2399,2,2,12,37
1400,2400,3,4,10,63
1401,2401,2,1,11,27
1402,2402,2,2,5,51
1403,2403,2,1,3,46
1404,2404,2,2,5,49
1405,2405,1,1,11,28
1406,2406,1,2,6,33
1407,2407,0,1,5,10
1408,2408,2,0,2,34
1409,2409,3,4,9,58
1410,2410,2,1,8,36
1411,2411,0,0,5,28
1412,2412,3,4,5,44
1413,2413,2,3,11,43
1414,2414,2,2,2,33
1415,2415,2,3,12,40
1416,2416,1,2,10,40
1417,2417,1,1,10,38
1418,2418,3,3,9,47
1419,2419,3,4,11,77
1420,2420,1,2,10,29
1421,2421,1,2,1,26
1422,2422,3,3,12,25
1423,2423,3,3,10,35
1424,2424,4,4,5,69
1425,2425,5,4,12,67
1426,2426,3,4,9,61
1427,2427,3,1,8,62
1428,2428,2,3,12,25
1429,2429,2,4,6,28
1430,2430,2,2,12,38
1431,2431,4,4,8,58
1432,2432,1,1,6,28
1433,2433,3,3,9,51
1434,2434,1,3,3,18
1435,2435,3,5,11,51
1436,2436,2,1,12,28
1437,2437,4,6,10,60
1438,2438,3,3,7,49
1439,2439,2,2,9,34
1440,2440,2,2,5,36
1441,2441,4,4,5,46
1442,2442,2,2,4,36
1443,2443,1,0,10,32
1444,2444,3,5,10,55
1445,2445,3,3,7,50
1446,2446,1,2,5,47
1447,2447,2,3,8,50
1448,2448,2,2,10,41
1449,2449,4,3,5,66
1450,2450,1,1,6,18
1451,2451,0,1,2,39
1452,2452,3,4,8,51
1453,2453,2,3,10,48
1454,2454,1,1,11,37
1455,2455,2,2,9,37
1456,2456,2,2,4,43
1457,2457,2,2,2,38
1458,2458,4,4,13,49
1459,2459,1,3,3,38
1460,2460,3,5,12,46
1461,2461,1,1,3,21
1462,2462,2,2,9,45
1463,2463,4,4,11,53
1464,2464,3,3,5,42
1465,2465,3,3,4,58
1466,2466,3,3,5,54
1467,2467,3,2,3,44
1468,2468,2,1,2,49
1469,2469,3,3,7,46
1470,2470,3,4,6,50
1471,2471,2,2,10,38
1472,2472,3,4,8,61
1473,2473,2,1,9,36
1474,2474,2,2,4,47
1475,2475,4,4,5,61
1476,2476,4,5,11,53
1477,2477,1,2,11,38
1478,2478,2,2,5,47
1479,2479,4,5,10,59
1480,2480,2,1,7,50
1481,2481,3,5,6,35
1482,2482,1,2,11,25
1483,2483,2,3,2,46
1484,2484,4,3,4,54
1485,2485,3,4,5,39
1486,2486,1,1,2,42
1487,2487,4,4,10,66
1488,2488,2,1,7,39
1489,2489,3,3,9,51
1490,2490,3,4,11,71
1491,2491,2,3,9,38
1492,2492,5,5,13,69
1493,2493,1,2,2,31
1494,2494,2,3,6,44
1495,2495,2,3,9,56
1496,2496,2,2,12,38
1497,2497,4,5,4,58
1498,2498,3,3,12,55
1499,2499,1,2,3,37
1500,2500,1,2,9,44
1501,2501,3,4,8,57
1502,2502,2,4,12,23
1503,2503,3,4,6,54
1504,2504,2,4,11,44
1505,2505,3,6,11,46
1506,2506,3,3,12,36
1507,2507,1,1,9,17
1508,2508,0,2,1,24
1509,2509,2,2,12,43
1510,2510,4,3,6,70
1511,2511,2,3,2,32
1512,2512,3,4,11,51
1513,2513,2,2,10,43
1514,2514,1,3,1,36
1515,2515,3,3,9,53
1516,2516,1,1,7,18
1517,2517,3,2,12,45
1518,2518,2,3,8,50
1519,2519,4,4,12,50
1520,2520,3,6,8,58
1521,2521,3,5,13,40
1522,2522,2,2,12,34
1523,2523,3,4,3,52
1524,2524,3,3,5,64
1525,2525,3,4,12,39
1526,2526,2,4,8,51
1527,2527,1,1,10,40
1528,2528,4,4,8,43
1529,2529,3,3,5,48
1530,2530,3,5,9,44
1531,2531,1,1,1,35
1532,2532,2,2,7,32
1533,2533,0,0,9,10
1534,2534,4,6,11,59
1535,2535,1,0,10,11
1536,2536,1,1,1,34
1537,2537,4,6,11,74
1538,2538,2,3,4,34
1539,2539,3,3,5,59
1540,2540,1,1,10,34
1541,2541,5,5,7,66
1542,2542,2,0,6,51
1543,2543,2,4,7,37
1544,2544,3,3,8,57
1545,2545,4,5,10,58
1546,2546,4,3,6,58
1547,2547,3,2,12,48
1548,2548,4,5,12,44
1549,2549,3,5,10,55
1550,2550,4,5,12,72
1551,2551,2,2,5,39
1552,2552,2,2,12,51
1553,2553,3,5,7,63
1554,2554,3,3,12,57
1555,2555,2,4,6,29
1556,2556,1,1,7,32
1557,2557,2,3,6,32
1558,2558,1,1,2,28
1559,2559,1,1,1,24
1560,2560,3,3,7,39
1561,2561,1,1,6,23
1562,2562,2,3,9,39
1563,2563,2,3,9,33
1564,2564,3,5,6,31
1565,2565,2,4,4,39
1566,2566,4,5,5,63
1567,2567,2,1,6,35
1568,2568,1,2,11,37
1569,2569,4,5,10,78
1570,2570,2,3,10,39
1571,2571,2,2,6,30
1572,2572,3,5,5,38
1573,2573,2,2,9,36
1574,2574,0,1,10,18
1575,2575,3,4,9,48
1576,2576,3,5,4,58
1577,2577,5,5,13,69
1578,2578,5,4,7,84
1579,2579,1,2,1,38
1580,2580,3,3,4,40
1581,2581,2,2,6,51
1582,2582,4,5,4,72
1583,2583,2,3,7,39
1584,2584,2,2,12,37
1585,2585,1,3,6,29
1586,2586,4,5,7,57
1587,2587,2,1,9,58
1588,2588,0,2,7,10
1589,2589,3,4,7,57
1590,2590,1,2,1,31
1591,2591,3,5,5,42
1592,2592,3,4,4,56
1593,2593,4,4,11,62
1594,2594,1,1,2,15
1595,2595,1,1,11,10
1596,2596,3,3,5,43
1597,2597,2,3,4,34
1598,2598,2,3,8,54
1599,2599,2,3,7,32
1600,2600,3,4,13,61
1601,2601,1,1,5,28
1602,2602,0,0,7,22
1603,2603,0,1,7,10
1604,2604,2,2,10,29
1605,2605,4,4,7,64
1606,2606,2,1,6,50
1607,2607,5,4,5,61
1608,2608,5,5,7,67
1609,2609,3,5,6,44
1610,2610,4,5,14,52
1611,2611,4,5,11,61
1612,2612,2,3,3,38
1613,2613,4,5,14,59
1614,2614,1,1,1,25
1615,2615,2,4,5,37
1616,2616,3,3,5,44
1617,2617,3,4,6,69
1618,2618,2,1,6,36
1619,2619,2,2,10,43
1620,2620,4,4,12,74
1621,2621,5,5,13,72
1622,2622,4,5,4,59
1623,2623,5,4,15,57
1624,2624,3,3,12,58
1625,2625,3,4,6,50
1626,2626,3,5,4,56
1627,2627,2,1,8,31
1628,2628,3,3,4,30
1629,2629,1,2,5,33
1630,2630,2,4,3,42
1631,2631,3,3,9,38
1632,2632,2,2,6,32
1633,2633,2,4,8,46
1634,2634,4,5,11,58
1635,2635,3,4,12,59
1636,2636,1,1,4,13
1637,2637,2,2,12,40
1638,2638,1,2,7,27
1639,2639,3,4,7,56
1640,2640,0,2,3,15
1641,2641,4,5,13,45
1642,2642,5,4,15,76
1643,2643,4,4,12,64
1644,2644,3,3,12,49
1645,2645,3,4,7,42
1646,2646,2,2,3,34
1647,2647,1,3,9,52
1648,2648,3,3,6,61
1649,2649,5,5,11,65
1650,2650,4,3,14,49
1651,2651,3,3,10,46
1652,2652,1,1,8,20
1653,2653,5,6,15,60
1654,2654,2,3,3,43
1655,2655,3,3,9,52
1656,2656,2,2,6,29
1657,2657,2,3,4,49
1658,2658,2,1,4,50
1659,2659,3,4,5,55
1660,2660,1,2,9,35
1661,2661,2,2,5,47
1662,2662,1,2,7,32
1663,2663,1,3,1,48
1664,2664,1,2,8,31
1665,2665,3,3,10,47
1666,2666,4,3,12,35
1667,2667,1,1,9,33
1668,2668,3,4,13,46
1669,2669,0,0,2,22
1670,2670,4,3,10,67
1671,2671,1,2,11,24
1672,2672,1,1,9,29
1673,2673,4,4,14,71
1674,2674,4,3,5,63
1675,2675,3,3,3,61
1676,2676,4,6,4,56
1677,2677,4,5,7,66
1678,2678,5,4,5,81
1679,2679,3,4,13,52
1680,2680,3,5,11,57
1681,2681,2,2,2,35
1682,2682,3,4,9,39
1683,2683,0,1,5,18
1684,2684,3,4,12,67
1685,2685,2,2,8,42
1686,2686,2,2,4,42
1687,2687,2,2,9,42
1688,2688,3,3,4,47
1689,2689,3,4,9,48
1690,2690,5,5,13,55
1691,2691,5,6,5,77
1692,2692,1,1,4,10
1693,2693,4,5,11,44
1694,2694,2,3,10,26
1695,2695,4,4,4,65
1696,2696,3,4,4,68
1697,2697,2,3,4,25
1698,2698,3,3,9,43
1699,2699,2,2,10,44
1700,2700,4,4,10,42
1701,2701,4,5,13,62
1702,2702,5,5,9,60
1703,2703,1,1,11,33
1704,2704,3,3,7,41
1705,2705,3,3,11,46
1706,2706,0,2,9,24
1707,2707,3,1,7,33
1708,2708,1,3,1,48
1709,2709,4,4,9,56
1710,2710,0,1,4,24
1711,2711,2,1,8,49
1712,2712,4,4,13,62
1713,2713,4,4,12,43
1714,2714,2,1,9,39
1715,2715,3,3,5,58
1716,2716,2,5,12,39
1717,2717,2,2,3,46
1718,2718,3,2,10,64
1719,2719,4,4,10,50
1720,2720,3,4,4,54
1721,2721,4,5,12,49
1722,2722,2,2,8,32
1723,2723,1,2,5,25
1724,2724,5,5,11,67
1725,2725,1,2,6,17
1726,2726,5,5,5,86
1727,2727,3,2,9,57
1728,2728,2,4,8,30
1729,2729,4,4,5,58
1730,2730,1,2,5,38
1731,2731,2,4,9,46
1732,2732,4,5,13,62
1733,2733,4,5,5,64
1734,2734,4,5,10,59
1735,2735,3,2,12,47
1736,2736,3,4,5,51
1737,2737,5,5,8,56
1738,2738,1,1,3,23
1739,2739,2,3,7,33
1740,2740,4,5,5,43
1741,2741,3,5,10,56
1742,2742,2,2,6,37
1743,2743,2,2,4,28
1744,2744,3,3,12,61
1745,2745,1,1,8,23
1746,2746,1,2,1,41
1747,2747,2,2,5,47
1748,2748,2,3,9,31
1749,2749,2,2,11,25
1750,2750,4,4,14,51
1751,2751,2,2,10,46
1752,2752,5,5,7,59
1753,2753,1,2,4,34
1754,2754,2,2,10,28
1755,2755,3,3,5,49
1756,2756,4,4,10,69
1757,2757,2,3,9,56
1758,2758,2,3,4,26
1759,2759,2,4,11,43
1760,2760,4,3,5,52
1761,2761,3,4,6,59
1762,2762,4,4,6,50
1763,2763,5,4,8,88
1764,2764,1,2,7,33
1765,2765,2,4,2,38
1766,2766,3,3,13,37
1767,2767,1,2,1,37
1768,2768,3,2,10,32
1769,2769,4,6,8,70
1770,2770,1,2,8,36
1771,2771,1,2,2,25
1772,2772,1,1,6,40
1773,2773,4,4,5,75
1774,2774,3,3,11,56
1775,2775,4,5,12,57
1776,2776,2,2,10,34
1777,2777,4,4,9,43
1778,2778,2,3,7,33
1779,2779,3,3,7,44
1780,2780,3,2,8,47
1781,2781,1,2,2,36
1782,2782,3,2,9,59
1783,2783,2,3,8,45
1784,2784,3,2,9,46
1785,2785,4,5,12,64
1786,2786,4,5,12,50
1787,2787,2,3,2,44
1788,2788,4,5,12,70
1789,2789,3,3,9,57
1790,2790,3,6,3,41
1791,2791,1,3,4,11
1792,2792,3,2,3,45
1793,2793,5,5,14,70
1794,2794,5,5,15,70
1795,2795,3,3,10,57
1796,2796,4,4,14,51
1797,2797,2,3,3,45
1798,2798,3,4,4,50
1799,2799,1,1,9,36
1800,2800,5,5,6,70
1801,2801,4,4,7,50
1802,2802,5,5,11,92
1803,2803,4,4,7,74
1804,2804,2,2,11,33
1805,2805,2,2,2,49
1806,2806,1,3,5,23
1807,2807,1,2,3,40
1808,2808,2,2,3,42
1809,2809,3,5,12,56
1810,2810,1,2,10,50
1811,2811,1,1,8,26
1812,2812,0,2,8,10
1813,2813,3,3,10,70
1814,2814,3,5,3,44
1815,2815,3,4,4,61
1816,2816,2,3,4,44
1817,2817,4,4,10,63
1818,2818,2,4,8,32
1819,2819,2,2,9,52
1820,2820,4,5,5,54
1821,2821,2,2,7,45
1822,2822,3,3,13,62
1823,2823,2,3,5,58
1824,2824,1,2,2,47
1825,2825,2,2,4,35
1826,2826,3,3,5,48
1827,2827,2,1,10,52
1828,2828,1,2,6,31
1829,2829,3,2,13,55
1830,2830,2,3,10,52
1831,2831,4,5,13,73
1832,2832,3,2,10,57
1833,2833,3,1,3,61
1834,2834,3,3,12,46
1835,2835,4,3,14,80
1836,2836,3,4,10,67
1837,2837,4,4,12,56
1838,2838,3,5,4,33
1839,2839,1,2,5,28
1840,2840,2,2,10,53
1841,2841,4,5,6,66
1842,2842,3,4,11,56
1843,2843,3,4,8,60
1844,2844,1,2,3,25
1845,2845,3,3,5,65
1846,2846,3,3,3,34
1847,2847,1,2,6,26
1848,2848,2,3,9,28
1849,2849,2,2,8,51
1850,2850,5,5,11,66
1851,2851,4,4,11,58
1852,2852,3,4,12,64
1853,2853,4,5,13,49
1854,2854,4,3,12,58
1855,2855,2,4,10,15
1856,2856,2,2,12,50
1857,2857,2,2,11,29
1858,2858,2,3,2,45
1859,2859,1,0,2,17
1860,2860,5,5,12,51
1861,2861,2,1,3,43
1862,2862,1,2,1,20
1863,2863,5,5,8,56
1864,2864,2,2,3,33
1865,2865,3,5,13,44
1866,2866,1,1,7,29
1867,2867,3,4,5,43
1868,2868,3,4,12,51
1869,2869,3,5,5,71
1870,2870,2,2,7,36
1871,2871,2,4,10,38
1872,2872,3,4,9,34
1873,2873,4,3,12,56
1874,2874,3,3,8,58
1875,2875,2,2,8,37
1876,2876,3,4,9,58
1877,2877,1,2,6,26
1878,2878,2,3,12,34
1879,2879,4,3,12,68
1880,2880,2,2,11,33
1881,2881,2,2,12,43
1882,2882,1,2,5,26
1883,2883,4,5,5,59
1884,2884,5,5,10,71
1885,2885,4,4,12,55
1886,2886,3,4,11,41
1887,2887,2,3,11,43
1888,2888,1,1,9,36
1889,2889,3,3,3,58
1890,2890,2,2,10,40
1891,2891,2,3,3,46
1892,2892,3,3,13,49
1893,2893,3,2,5,49
1894,2894,4,4,5,66
1895,2895,2,3,2,59
1896,2896,4,5,13,52
1897,2897,3,3,12,49
1898,2898,4,4,13,69
1899,2899,1,0,9,35
1900,2900,4,3,7,47
1901,2901,2,4,11,26
1902,2902,4,5,12,77
1903,2903,1,1,9,28
1904,2904,3,5,12,35
1905,2905,2,2,6,51
1906,2906,2,3,8,43
1907,2907,3,4,13,55
1908,2908,3,5,13,60
1909,2909,5,5,13,83
1910,2910,3,3,13,44
1911,2911,3,2,4,39
1912,2912,5,4,6,73
1913,2913,4,4,10,67
1914,2914,4,5,8,71
1915,2915,4,4,4,55
1916,2916,1,2,7,36
1917,2917,2,3,3,42
1918,2918,5,5,13,51
1919,2919,3,4,5,66
1920,2920,4,4,14,34
1921,2921,2,3,5,50
1922,2922,1,2,3,42
1923,2923,1,1,10,30
1924,2924,3,3,12,58
1925,2925,2,2,9,27
1926,2926,3,4,11,39
1927,2927,2,1,6,31
1928,2928,2,3,5,38
1929,2929,3,4,3,55
1930,2930,1,1,6,42
1931,2931,3,3,4,54
1932,2932,3,3,13,59
1933,2933,3,2,6,51
1934,2934,3,4,3,51
1935,2935,2,3,4,40
1936,2936,2,3,11,52
1937,2937,1,1,4,38
1938,2938,3,5,11,49
1939,2939,2,2,4,30
1940,2940,3,2,12,57
1941,2941,3,5,8,44
1942,2942,1,1,7,39
1943,2943,3,3,10,56
1944,2944,3,3,10,67
1945,2945,2,4,11,41
1946,2946,3,3,3,46
1947,2947,3,4,4,47
1948,2948,1,2,10,19
1949,2949,4,5,9,64
1950,2950,4,5,14,44
1951,2951,3,2,6,57
1952,2952,3,2,3,46
1953,2953,3,3,11,49
1954,2954,2,2,7,44
1955,2955,2,0,7,45
1956,2956,5,5,15,65
1957,2957,4,5,13,43
1958,2958,5,5,8,73
1959,2959,0,2,2,12
1960,2960,4,4,10,52
1961,2961,2,3,10,58
1962,2962,3,3,10,60
1963,2963,3,4,7,45
1964,2964,2,3,7,43
1965,2965,2,2,6,20
1966,2966,4,5,6,63
1967,2967,1,2,7,28
1968,2968,3,5,12,47
1969,2969,3,4,4,45
1970,2970,1,2,5,43
1971,2971,3,5,10,45
1972,2972,4,5,9,58
1973,2973,4,4,12,58
1974,2974,4,3,4,64
1975,2975,2,2,6,21
1976,2976,2,2,6,48
1977,2977,3,2,8,47
1978,2978,2,2,12,43
1979,2979,3,5,10,46
1980,2980,2,2,5,45
1981,2981,2,2,7,46
1982,2982,2,1,2,24
1983,2983,4,4,6,57
1984,2984,2,0,6,45
1985,2985,2,1,5,25
1986,2986,3,2,10,47
1987,2987,0,2,0,11
1988,2988,1,1,3,32
1989,2989,3,3,7,55
1990,2990,5,6,11,89
1991,2991,0,2,1,15
1992,2992,5,5,7,79
1993,2993,3,5,4,47
1994,2994,2,3,12,35
1995,2995,2,4,7,48
1996,2996,1,1,6,46
1997,2997,3,4,6,51
1998,2998,2,3,4,31
1999,2999,2,3,4,19
2000,3000,3,3,11,48
2001,3001,2,3,3,41
2002,3002,1,2,2,22
2003,3003,3,3,11,35
2004,3004,4,5,4,75
2005,3005,2,2,6,43
2006,3006,5,4,15,65
2007,3007,4,4,10,68
2008,3008,2,2,10,42
2009,3009,1,2,8,29
2010,3010,3,4,7,62
2011,3011,2,2,9,20
2012,3012,2,2,5,52
2013,3013,0,1,7,30
2014,3014,2,3,8,21
2015,3015,4,6,6,62
2016,3016,1,1,10,44
2017,3017,0,1,9,22
2018,3018,4,3,5,49
2019,3019,2,4,4,31
2020,3020,3,4,11,50
2021,3021,1,1,2,32
2022,3022,1,2,11,26
2023,3023,2,1,4,36
2024,3024,3,5,5,39
2025,3025,5,4,12,67
2026,3026,0,2,2,12
2027,3027,3,5,4,63
2028,3028,4,5,10,59
2029,3029,2,4,7,36
2030,3030,3,3,9,45
2031,3031,1,2,7,24
2032,3032,3,5,11,45
2033,3033,4,4,4,71
2034,3034,2,3,12,10
2035,3035,3,2,7,37
2036,3036,3,3,4,57
2037,3037,2,3,3,33
2038,3038,3,2,6,41
2039,3039,2,1,12,38
2040,3040,3,3,7,45
2041,3041,1,1,6,28
2042,3042,4,4,10,58
2043,3043,3,4,11,41
2044,3044,4,5,10,66
2045,3045,1,3,9,39
2046,3046,3,4,5,70
2047,3047,4,3,10,68
2048,3048,3,3,11,48
2049,3049,3,4,6,55
2050,3050,3,4,8,23
2051,3051,1,3,10,17
2052,3052,2,2,4,21
2053,3053,2,2,2,28
2054,3054,2,2,5,43
2055,3055,1,2,9,22
2056,3056,3,4,4,43
2057,3057,1,2,5,21
2058,3058,2,1,3,39
2059,3059,4,5,4,48
2060,3060,1,3,1,36
2061,3061,1,2,7,43
2062,3062,1,2,3,30
2063,3063,3,4,4,41
2064,3064,4,5,9,70
2065,3065,2,3,3,41
2066,3066,4,5,6,48
2067,3067,2,1,5,25
2068,3068,1,3,1,24
2069,3069,5,5,9,58
2070,3070,3,3,7,60
2071,3071,1,1,10,30
2072,3072,2,2,5,30
2073,3073,2,3,2,41
2074,3074,2,3,9,28
2075,3075,3,2,3,40
2076,3076,4,5,11,75
2077,3077,1,1,4,30
2078,3078,5,5,6,80
2079,3079,2,3,4,57
2080,3080,3,2,3,48
2081,3081,3,3,7,42
2082,3082,4,5,7,56
2083,3083,0,2,1,10
2084,3084,4,5,4,54
2085,3085,5,5,15,72
2086,3086,3,3,8,55
2087,3087,4,4,14,73
2088,3088,2,2,11,51
2089,3089,2,2,5,40
2090,3090,2,2,12,41
2091,3091,3,2,12,44
2092,3092,2,3,2,52
2093,3093,2,4,8,46
2094,3094,3,5,10,33
2095,3095,4,2,13,61
2096,3096,4,3,5,49
2097,3097,4,3,5,56
2098,3098,4,5,6,60
2099,3099,2,2,8,44
2100,3100,2,5,9,48
2101,3101,3,3,5,57
2102,3102,0,1,5,44
2103,3103,2,3,8,37
2104,3104,2,4,5,36
2105,3105,4,3,6,60
2106,3106,3,3,5,33
2107,3107,4,4,12,55
2108,3108,3,6,4,50
2109,3109,5,5,9,78
2110,3110,2,1,2,50
2111,3111,4,4,14,73
2112,3112,3,4,11,55
2113,3113,3,4,5,40
2114,3114,2,3,9,52
2115,3115,2,1,9,45
2116,3116,3,4,6,54
2117,3117,1,2,7,37
2118,3118,2,1,7,30
2119,3119,4,6,4,41
2120,3120,1,3,7,40
2121,3121,3,3,10,49
2122,3122,1,4,3,36
2123,3123,2,1,10,32
2124,3124,4,6,10,59
2125,3125,3,3,3,46
2126,3126,3,3,11,41
2127,3127,3,2,4,72
2128,3128,3,3,6,29
2129,3129,5,6,12,72
2130,3130,4,4,12,71
2131,3131,2,2,9,33
2132,3132,2,3,4,41
2133,3133,3,5,5,51
2134,3134,2,2,12,35
2135,3135,5,6,12,91
2136,3136,3,4,6,43
2137,3137,2,3,12,41
2138,3138,1,0,5,38
2139,3139,4,3,5,68
2140,3140,2,2,10,48
2141,3141,4,5,9,68
2142,3142,4,2,14,59
2143,3143,1,2,8,41
2144,3144,4,5,14,60
2145,3145,3,4,6,63
2146,3146,4,4,6,43
2147,3147,4,4,5,46
2148,3148,1,3,5,35
2149,3149,3,4,10,45
2150,3150,3,4,8,61
2151,3151,2,1,9,34
2152,3152,4,5,14,61
2153,3153,3,4,3,48
2154,3154,3,3,11,66
2155,3155,3,5,8,72
2156,3156,1,1,8,26
2157,3157,2,3,9,46
2158,3158,4,5,12,64
2159,3159,2,3,5,40
2160,3160,1,1,4,10
2161,3161,3,3,12,63
2162,3162,4,5,4,47
2163,3163,3,4,6,43
2164,3164,4,3,11,52
2165,3165,3,2,4,55
2166,3166,4,5,7,56
2167,3167,2,3,3,48
2168,3168,4,4,11,46
2169,3169,2,3,7,16
2170,3170,3,3,4,40
2171,3171,2,3,9,54
2172,3172,2,1,4,35
2173,3173,1,1,9,16
2174,3174,4,4,7,39
2175,3175,4,5,5,49
2176,3176,3,5,7,51
2177,3177,1,2,8,39
2178,3178,3,4,10,54
2179,3179,5,5,15,63
2180,3180,3,3,3,48
2181,3181,5,5,13,74
2182,3182,2,3,2,37
2183,3183,3,2,12,29
2184,3184,1,2,8,32
2185,3185,1,2,2,21
2186,3186,4,5,10,70
2187,3187,2,2,10,61
2188,3188,4,3,11,50
2189,3189,2,2,3,22
2190,3190,3,2,6,36
2191,3191,3,2,11,48
2192,3192,5,5,10,80
2193,3193,3,3,9,38
2194,3194,3,2,13,65
2195,3195,1,1,8,26
2196,3196,3,4,10,49
2197,3197,3,5,11,48
2198,3198,2,2,6,39
2199,3199,3,3,10,63
2200,3200,4,4,5,48
2201,3201,1,2,3,42
2202,3202,2,3,2,36
2203,3203,4,5,4,45
2204,3204,3,3,11,54
2205,3205,4,4,9,55
2206,3206,4,4,9,56
2207,3207,2,2,12,40
2208,3208,2,3,5,26
2209,3209,1,1,4,45
2210,3210,2,0,10,44
2211,3211,2,2,12,41
2212,3212,4,4,10,45
2213,3213,4,5,13,73
2214,3214,2,2,4,43
2215,3215,5,4,13,86
2216,3216,2,4,6,39
2217,3217,3,3,10,32
2218,3218,2,2,3,49
2219,3219,3,3,6,46
2220,3220,1,0,11,34
2221,3221,2,4,9,40
2222,3222,3,3,12,55
2223,3223,2,1,3,29
2224,3224,2,3,10,39
2225,3225,5,5,7,62
2226,3226,5,5,9,69
2227,3227,2,3,8,34
2228,3228,2,2,2,32
2229,3229,1,2,4,48
2230,3230,1,0,6,31
2231,3231,2,2,6,39
2232,3232,4,4,13,54
2233,3233,0,1,7,29
2234,3234,1,2,7,24
2235,3235,3,4,10,60
2236,3236,2,2,5,39
2237,3237,2,3,11,48
2238,3238,4,4,5,57
2239,3239,2,2,11,52
2240,3240,4,3,12,47
2241,3241,4,4,7,60
2242,3242,3,4,5,46
2243,3243,3,4,12,41
2244,3244,5,5,12,77
2245,3245,3,4,4,52
2246,3246,2,4,5,38
2247,3247,3,2,10,33
2248,3248,4,6,11,55
2249,3249,3,3,4,37
2250,3250,4,4,5,62
2251,3251,3,2,8,42
2252,3252,4,5,7,80
2253,3253,3,4,10,76
2254,3254,3,4,12,54
2255,3255,1,2,9,24
2256,3256,2,2,10,34
2257,3257,2,1,5,27
2258,3258,2,3,5,17
2259,3259,2,2,10,39
2260,3260,3,4,9,60
2261,3261,5,5,15,83
2262,3262,4,5,10,60
2263,3263,4,4,7,64
2264,3264,1,2,10,34
2265,3265,2,1,9,31
2266,3266,4,5,13,54
2267,3267,3,4,12,53
2268,3268,4,2,6,56
2269,3269,3,5,4,37
2270,3270,3,3,5,47
2271,3271,1,2,5,10
2272,3272,2,2,6,23
2273,3273,3,3,8,68
2274,3274,2,4,3,49
2275,3275,4,4,11,63
2276,3276,3,5,6,53
2277,3277,3,4,4,35
2278,3278,1,2,9,25
2279,3279,2,2,5,29
2280,3280,4,4,4,73
2281,3281,1,0,7,18
2282,3282,1,1,2,15
2283,3283,3,5,8,43
2284,3284,3,4,8,55
2285,3285,1,0,10,43
2286,3286,2,2,5,37
2287,3287,2,3,12,14
2288,3288,3,2,9,54
2289,3289,4,6,10,59
2290,3290,3,3,11,57
2291,3291,2,3,2,29
2292,3292,3,4,5,49
2293,3293,3,3,7,52
2294,3294,1,3,10,25
2295,3295,4,4,10,60
2296,3296,1,1,10,25
2297,3297,2,2,6,41
2298,3298,4,5,12,61
2299,3299,0,1,2,10
2300,3300,2,3,9,23
2301,3301,4,5,9,56
2302,3302,2,3,9,52
2303,3303,5,6,14,69
2304,3304,3,4,10,43
2305,3305,1,2,7,49
2306,3306,3,5,7,41
2307,3307,4,4,11,62
2308,3308,1,1,9,38
2309,3309,1,3,7,13
2310,3310,4,3,12,62
2311,3311,1,3,1,47
2312,3312,4,3,5,60
2313,3313,2,2,7,25
2314,3314,3,5,6,51
2315,3315,1,1,11,37
2316,3316,1,1,8,31
2317,3317,3,3,4,32
2318,3318,3,4,9,45
2319,3319,3,3,13,54
2320,3320,1,1,9,40
2321,3321,1,2,2,10
2322,3322,4,3,12,64
2323,3323,3,3,12,46
2324,3324,4,5,4,73
2325,3325,3,3,13,51
2326,3326,3,4,5,50
2327,3327,3,3,9,42
2328,3328,2,3,12,53
2329,3329,2,3,7,27
2330,3330,3,3,12,45
2331,3331,2,4,4,51
2332,3332,2,2,10,18
2333,3333,4,4,6,66
2334,3334,1,1,8,10
2335,3335,1,3,7,31
2336,3336,2,3,9,37
2337,3337,2,2,12,25
2338,3338,2,4,12,50
2339,3339,3,5,7,55
2340,3340,1,1,3,21
2341,3341,1,0,10,17
2342,3342,1,2,8,24
2343,3343,3,5,3,55
2344,3344,3,3,8,51
2345,3345,4,3,10,64
2346,3346,2,2,10,34
2347,3347,3,4,8,50
2348,3348,3,3,7,42
2349,3349,5,4,10,76
2350,3350,5,5,14,89
2351,3351,2,1,11,51
2352,3352,3,4,11,57
2353,3353,2,2,6,29
2354,3354,3,2,4,44
2355,3355,2,3,12,36
2356,3356,5,6,8,90
2357,3357,3,4,10,37
2358,3358,2,2,2,35
2359,3359,5,5,12,66
2360,3360,1,3,4,13
2361,3361,2,3,11,37
2362,3362,5,5,8,65
2363,3363,4,5,13,57
2364,3364,1,1,5,32
2365,3365,2,3,9,42
2366,3366,4,4,5,55
2367,3367,4,5,6,74
2368,3368,2,2,8,28
2369,3369,2,2,2,20
2370,3370,1,3,11,39
2371,3371,0,0,8,10
2372,3372,4,4,4,47
2373,3373,4,6,7,69
2374,3374,2,3,3,40
2375,3375,3,3,12,52
2376,3376,2,1,6,42
2377,3377,2,2,12,40
2378,3378,4,5,13,78
2379,3379,4,3,4,50
2380,3380,3,3,12,42
2381,3381,4,4,11,48
2382,3382,2,2,5,48
2383,3383,4,5,8,55
2384,3384,4,4,10,65
2385,3385,3,2,9,50
2386,3386,4,3,4,78
2387,3387,3,3,12,52
2388,3388,2,3,10,62
2389,3389,4,5,13,52
2390,3390,5,5,11,67
2391,3391,4,5,6,61
2392,3392,2,4,11,45
2393,3393,4,4,12,63
2394,3394,2,2,8,48
2395,3395,4,5,5,60
2396,3396,2,2,10,30
2397,3397,3,3,8,49
2398,3398,2,3,2,49
2399,3399,4,4,5,66
2400,3400,3,3,9,30
2401,3401,4,5,12,57
2402,3402,3,3,9,49
2403,3403,5,5,7,79
2404,3404,2,2,6,26
2405,3405,0,1,7,10
2406,3406,1,1,10,27
2407,3407,4,5,9,54
2408,3408,1,2,7,39
2409,3409,5,5,15,68
2410,3410,2,1,11,44
2411,3411,4,4,12,79
2412,3412,1,1,9,32
2413,3413,1,3,10,24
2414,3414,1,2,10,29
2415,3415,2,2,5,54
2416,3416,4,4,11,58
2417,3417,1,2,5,30
2418,3418,5,4,6,67
2419,3419,3,3,3,60
2420,3420,4,5,6,48
2421,3421,4,5,13,48
2422,3422,2,3,9,42
2423,3423,4,4,6,62
2424,3424,4,4,13,58
2425,3425,3,5,9,40
2426,3426,2,4,2,33
2427,3427,1,2,11,21
2428,3428,3,3,5,45
2429,3429,3,3,11,37
2430,3430,3,4,13,52
2431,3431,4,4,8,72
2432,3432,1,2,11,25
2433,3433,4,4,11,52
2434,3434,3,4,4,53
2435,3435,3,6,13,49
2436,3436,2,2,12,34
2437,3437,3,2,11,53
2438,3438,4,4,11,49
2439,3439,2,3,6,46
2440,3440,4,4,11,62
2441,3441,2,1,9,36
2442,3442,5,6,9,74
2443,3443,1,1,9,24
2444,3444,3,5,13,62
2445,3445,3,4,7,56
2446,3446,3,2,4,48
2447,3447,3,1,10,42
2448,3448,1,2,6,35
2449,3449,3,4,11,45
2450,3450,3,4,12,58
2451,3451,4,4,9,62
2452,3452,5,6,11,65
2453,3453,2,2,12,36
2454,3454,1,2,2,45
2455,3455,2,3,10,47
2456,3456,3,3,7,64
2457,3457,2,2,4,42
2458,3458,1,2,4,11
2459,3459,3,2,5,52
2460,3460,0,1,2,10
2461,3461,2,2,3,50
2462,3462,1,2,11,29
2463,3463,2,4,6,30
2464,3464,2,1,11,53
2465,3465,3,2,3,24
2466,3466,5,5,7,68
2467,3467,3,2,10,43
2468,3468,4,5,9,64
2469,3469,2,2,6,41
2470,3470,5,5,15,58
2471,3471,4,5,10,56
2472,3472,4,5,10,74
2473,3473,1,2,4,26
2474,3474,2,4,9,36
2475,3475,5,4,14,45
2476,3476,4,4,6,50
2477,3477,3,4,10,61
2478,3478,3,4,13,41
2479,3479,4,4,7,70
2480,3480,0,2,1,16
2481,3481,4,3,4,42
2482,3482,2,4,4,32
2483,3483,1,2,10,27
2484,3484,4,4,14,47
2485,3485,1,2,10,15
2486,3486,4,6,4,63
2487,3487,1,1,5,36
2488,3488,2,1,7,36
2489,3489,3,4,4,76
2490,3490,2,1,4,39
2491,3491,1,1,10,34
2492,3492,3,6,12,37
2493,3493,2,1,4,31
2494,3494,3,3,12,53
2495,3495,1,2,6,15
2496,3496,3,4,11,53
2497,3497,2,1,5,36
2498,3498,1,1,6,27
2499,3499,0,1,4,36
2500,3500,4,4,13,51
2501,3501,3,3,4,35
2502,3502,1,1,3,34
2503,3503,3,3,8,52
2504,3504,3,3,8,59
2505,3505,2,1,2,33
2506,3506,1,1,11,25
2507,3507,4,3,8,67
2508,3508,1,2,7,48
2509,3509,4,4,5,61
2510,3510,2,2,7,42
2511,3511,5,4,6,65
2512,3512,3,3,10,59
2513,3513,3,5,7,76
2514,3514,1,1,11,35
2515,3515,3,4,4,47
2516,3516,1,2,9,33
2517,3517,4,5,7,72
2518,3518,2,3,2,31
2519,3519,1,1,1,26
2520,3520,4,4,11,58
2521,3521,1,2,10,20
2522,3522,4,6,9,71
2523,3523,3,3,8,54
2524,3524,4,5,4,59
2525,3525,4,4,12,45
2526,3526,1,2,1,23
2527,3527,2,2,5,51
2528,3528,3,2,9,39
2529,3529,3,3,9,66
2530,3530,2,3,4,43
2531,3531,3,3,6,66
2532,3532,2,1,2,51
2533,3533,3,4,6,34
2534,3534,2,3,10,45
2535,3535,2,3,4,37
2536,3536,3,3,8,41
2537,3537,3,2,11,57
2538,3538,2,2,7,50
2539,3539,4,4,4,53
2540,3540,4,3,10,58
2541,3541,1,1,3,28
2542,3542,1,1,11,13
2543,3543,1,2,2,16
2544,3544,1,2,5,32
2545,3545,4,4,14,64
2546,3546,3,3,3,48
2547,3547,4,4,7,74
2548,3548,5,6,8,72
2549,3549,4,5,13,44
2550,3550,2,2,3,38
2551,3551,3,4,7,59
2552,3552,3,3,4,48
2553,3553,2,2,9,18
2554,3554,3,6,9,37
2555,3555,3,2,4,42
2556,3556,3,2,11,33
2557,3557,2,3,3,27
2558,3558,2,5,7,60
2559,3559,1,1,7,41
2560,3560,1,2,11,37
2561,3561,2,2,3,45
2562,3562,2,3,2,49
2563,3563,4,5,14,64
2564,3564,2,2,4,31
2565,3565,4,4,14,47
2566,3566,4,5,7,36
2567,3567,2,3,8,41
2568,3568,1,3,6,22
2569,3569,1,2,3,40
2570,3570,2,1,12,33
2571,3571,0,2,4,24
2572,3572,4,4,14,66
2573,3573,3,3,5,61
2574,3574,2,4,6,32
2575,3575,4,5,12,58
2576,3576,2,3,4,51
2577,3577,3,3,4,54
2578,3578,3,5,13,48
2579,3579,3,3,5,66
2580,3580,0,1,1,11
2581,3581,2,4,7,52
2582,3582,4,5,4,63
2583,3583,3,4,10,48
2584,3584,3,4,12,55
2585,3585,4,5,5,66
2586,3586,3,4,8,62
2587,3587,2,3,10,31
2588,3588,3,3,10,66
2589,3589,2,3,6,33
2590,3590,3,5,7,46
2591,3591,2,2,2,41
2592,3592,4,5,5,38
2593,3593,1,1,11,23
2594,3594,3,4,13,46
2595,3595,2,2,10,27
2596,3596,2,3,7,32
2597,3597,3,3,13,49
2598,3598,3,3,12,40
2599,3599,1,2,8,47
2600,3600,2,4,4,54
2601,3601,3,3,5,52
2602,3602,3,5,3,49
2603,3603,2,4,4,30
2604,3604,2,3,6,30
2605,3605,2,4,9,41
2606,3606,3,2,5,66
2607,3607,2,3,10,46
2608,3608,4,6,7,62
2609,3609,2,3,7,38
2610,3610,2,2,8,36
2611,3611,4,4,11,38
2612,3612,1,1,4,25
2613,3613,4,4,12,59
2614,3614,3,4,11,43
2615,3615,2,2,4,55
2616,3616,5,6,15,49
2617,3617,4,5,14,62
2618,3618,2,2,12,36
2619,3619,2,3,6,46
2620,3620,3,3,4,68
2621,3621,3,3,5,61
2622,3622,2,3,6,35
2623,3623,3,4,13,52
2624,3624,4,4,5,45
2625,3625,3,3,11,51
2626,3626,5,5,7,67
2627,3627,1,1,3,22
2628,3628,3,3,3,46
2629,3629,4,4,4,78
2630,3630,3,5,7,56
2631,3631,1,2,2,38
2632,3632,2,2,8,47
2633,3633,5,5,15,68
2634,3634,2,2,9,30
2635,3635,3,4,5,34
2636,3636,4,4,13,43
2637,3637,1,2,4,32
2638,3638,3,5,4,58
2639,3639,4,5,13,69
2640,3640,1,1,1,27
2641,3641,3,4,12,54
2642,3642,0,2,7,28
2643,3643,3,5,13,28
2644,3644,2,4,8,41
2645,3645,1,2,6,34
2646,3646,4,6,14,39
2647,3647,4,4,9,74
2648,3648,4,3,6,66
2649,3649,1,1,4,36
2650,3650,1,1,5,33
2651,3651,2,1,7,21
2652,3652,2,3,8,54
2653,3653,2,2,6,46
2654,3654,2,2,9,44
2655,3655,4,5,7,35
2656,3656,3,2,12,65
2657,3657,4,5,13,52
2658,3658,2,3,4,22
2659,3659,1,2,10,23
2660,3660,2,2,8,40
2661,3661,3,5,6,46
2662,3662,1,2,8,10
2663,3663,2,3,10,40
2664,3664,1,2,6,26
2665,3665,3,4,3,34
2666,3666,2,3,7,48
2667,3667,3,4,7,55
2668,3668,4,3,8,63
2669,3669,4,4,9,72
2670,3670,3,3,13,42
2671,3671,4,5,10,65
2672,3672,5,6,8,60
2673,3673,4,3,6,61
2674,3674,1,2,7,24
2675,3675,0,2,4,46
2676,3676,4,6,8,59
2677,3677,5,4,14,75
2678,3678,1,3,2,25
2679,3679,4,3,7,50
2680,3680,2,3,2,50
2681,3681,3,5,5,49
2682,3682,3,3,3,45
2683,3683,5,4,11,68
2684,3684,4,5,4,63
2685,3685,1,1,5,14
2686,3686,4,4,12,59
2687,3687,2,3,7,29
2688,3688,3,2,8,49
2689,3689,1,3,9,17
2690,3690,4,5,13,45
2691,3691,0,1,4,31
2692,3692,3,3,13,54
2693,3693,2,2,8,33
2694,3694,3,4,11,68
2695,3695,3,3,11,51
2696,3696,3,1,5,54
2697,3697,2,1,11,39
2698,3698,4,5,12,64
2699,3699,5,5,5,75
2700,3700,3,5,12,42
2701,3701,4,4,5,66
2702,3702,3,4,4,56
2703,3703,2,1,4,40
2704,3704,1,2,5,37
2705,3705,2,3,2,40
2706,3706,2,3,9,48
2707,3707,2,2,5,56
2708,3708,2,2,2,33
2709,3709,2,2,5,37
2710,3710,1,1,4,21
2711,3711,5,6,10,60
2712,3712,3,3,5,45
2713,3713,1,2,8,32
2714,3714,4,6,10,63
2715,3715,3,2,11,54
2716,3716,5,5,10,74
2717,3717,4,4,4,52
2718,3718,2,4,8,33
2719,3719,2,2,7,48
2720,3720,2,4,9,38
2721,3721,2,3,2,37
2722,3722,3,2,6,47
2723,3723,3,3,3,37
2724,3724,2,2,3,30
2725,3725,1,3,9,17
2726,3726,4,4,10,55
2727,3727,3,5,12,65
2728,3728,2,2,8,48
2729,3729,3,5,5,60
2730,3730,2,2,4,40
2731,3731,4,4,14,54
2732,3732,2,3,11,35
2733,3733,3,4,7,44
2734,3734,2,4,9,32
2735,3735,3,2,11,48
2736,3736,4,5,8,56
2737,3737,2,3,11,30
2738,3738,2,0,6,38
2739,3739,5,5,5,79
2740,3740,3,6,13,56
2741,3741,3,3,9,60
2742,3742,2,1,4,31
2743,3743,1,2,9,23
2744,3744,4,4,8,68
2745,3745,2,2,6,39
2746,3746,3,2,6,28
2747,3747,2,3,10,30
2748,3748,3,2,7,45
2749,3749,2,4,9,36
2750,3750,1,2,11,37
2751,3751,3,3,5,44
2752,3752,4,3,5,70
2753,3753,2,4,2,41
2754,3754,3,2,12,43
2755,3755,4,4,10,53
2756,3756,3,2,5,41
2757,3757,1,3,11,42
2758,3758,3,4,10,49
2759,3759,3,4,5,53
2760,3760,0,1,0,10
2761,3761,3,2,3,40
2762,3762,2,2,10,39
2763,3763,2,3,7,32
2764,3764,3,3,5,47
2765,3765,1,2,3,24
2766,3766,4,4,13,67
2767,3767,1,1,1,27
2768,3768,3,4,8,56
2769,3769,3,3,11,64
2770,3770,5,5,9,87
2771,3771,4,4,5,46
2772,3772,2,2,4,28
2773,3773,4,4,4,51
2774,3774,5,4,10,57
2775,3775,2,2,9,35
2776,3776,2,1,3,37
2777,3777,1,2,5,34
2778,3778,4,5,11,53
2779,3779,4,5,14,37
2780,3780,3,3,5,55
2781,3781,4,4,11,64
2782,3782,3,4,5,58
2783,3783,1,2,1,43
2784,3784,4,4,10,51
2785,3785,3,4,3,43
2786,3786,2,3,9,34
2787,3787,2,2,7,34
2788,3788,3,3,11,50
2789,3789,2,4,7,33
2790,3790,1,1,5,44
2791,3791,3,4,11,37
2792,3792,2,5,6,45
2793,3793,4,4,6,68
2794,3794,5,5,14,73
2795,3795,4,4,6,62
2796,3796,1,2,3,33
2797,3797,4,4,6,55
2798,3798,1,0,5,29
2799,3799,2,2,7,51
2800,3800,4,3,9,64
2801,3801,2,3,3,57
2802,3802,3,5,12,52
2803,3803,3,3,6,57
2804,3804,4,5,14,62
2805,3805,4,5,11,53
2806,3806,3,4,6,35
2807,3807,3,5,5,51
2808,3808,2,2,3,32
2809,3809,4,5,11,68
2810,3810,4,3,11,48
2811,3811,2,2,12,37
2812,3812,2,3,10,40
2813,3813,2,2,8,56
2814,3814,4,2,13,77
2815,3815,3,3,12,63
2816,3816,1,2,5,36
2817,3817,3,4,3,26
2818,3818,1,1,11,36
2819,3819,2,3,10,43
2820,3820,4,4,14,65
2821,3821,2,2,5,29
2822,3822,1,1,6,27
2823,3823,4,4,9,60
2824,3824,3,3,3,52
2825,3825,1,1,11,39
2826,3826,1,1,1,54
2827,3827,2,2,6,60
2828,3828,3,4,12,57
2829,3829,1,2,2,34
2830,3830,4,4,10,76
2831,3831,2,1,7,39
2832,3832,4,6,5,61
2833,3833,2,3,9,52
2834,3834,3,4,9,71
2835,3835,2,2,12,42
2836,3836,5,5,11,73
2837,3837,3,4,9,50
2838,3838,3,4,4,32
2839,3839,3,4,10,50
2840,3840,4,5,4,49
2841,3841,4,5,7,53
2842,3842,3,6,5,63
2843,3843,4,5,14,75
2844,3844,4,4,10,50
2845,3845,4,4,12,63
2846,3846,2,1,2,46
2847,3847,3,3,10,60
2848,3848,2,2,7,30
2849,3849,3,2,5,54
2850,3850,2,1,3,38
2851,3851,4,3,8,60
2852,3852,3,3,6,59
2853,3853,2,3,12,37
2854,3854,3,2,12,56
2855,3855,2,2,10,47
2856,3856,3,4,11,53
2857,3857,2,2,3,33
2858,3858,5,5,7,52
2859,3859,3,3,11,37
2860,3860,3,4,10,40
2861,3861,2,2,9,33
2862,3862,3,2,11,45
2863,3863,4,3,4,78
2864,3864,1,2,11,15
2865,3865,2,3,6,52
2866,3866,2,2,4,39
2867,3867,2,1,11,34
2868,3868,4,3,4,41
2869,3869,1,1,4,37
2870,3870,2,2,5,45
2871,3871,3,3,13,45
2872,3872,1,3,9,28
2873,3873,4,4,10,69
2874,3874,3,5,6,58
2875,3875,3,3,13,44
2876,3876,1,1,10,30
2877,3877,1,2,4,40
2878,3878,1,2,7,27
2879,3879,1,1,6,40
2880,3880,2,2,7,38
2881,3881,3,5,7,51
2882,3882,1,2,11,32
2883,3883,2,3,4,31
2884,3884,3,3,6,50
2885,3885,3,5,3,22
2886,3886,2,3,2,20
2887,3887,4,5,9,61
2888,3888,2,4,3,43
2889,3889,1,2,2,49
2890,3890,4,5,7,67
2891,3891,4,3,7,49
2892,3892,4,4,7,50
2893,3893,4,3,13,57
2894,3894,4,3,8,44
2895,3895,3,5,10,43
2896,3896,2,2,6,45
2897,3897,2,4,4,55
2898,3898,2,2,5,50
2899,3899,2,1,7,38
2900,3900,2,3,2,44
2901,3901,2,2,2,39
2902,3902,5,5,7,87
2903,3903,5,4,8,72
2904,3904,3,4,3,50
2905,3905,1,2,11,35
2906,3906,3,4,8,67
2907,3907,3,1,4,24
2908,3908,2,2,9,46
2909,3909,2,2,3,41
2910,3910,3,2,4,54
2911,3911,5,5,8,79
2912,3912,1,3,7,19
2913,3913,0,0,3,18
2914,3914,2,2,3,30
2915,3915,3,5,9,50
2916,3916,1,1,8,46
2917,3917,4,4,5,39
2918,3918,2,1,4,49
2919,3919,3,3,5,56
2920,3920,1,2,1,34
2921,3921,1,2,8,21
2922,3922,2,1,10,35
2923,3923,2,1,4,45
2924,3924,1,1,9,25
2925,3925,3,5,12,52
2926,3926,2,2,3,29
2927,3927,1,3,2,36
2928,3928,3,2,4,53
2929,3929,2,3,8,49
2930,3930,3,5,9,53
2931,3931,2,3,8,37
2932,3932,3,2,3,38
2933,3933,3,4,7,58
2934,3934,2,4,10,48
2935,3935,3,2,10,44
2936,3936,3,1,9,58
2937,3937,2,2,3,16
2938,3938,5,4,11,64
2939,3939,3,2,3,56
2940,3940,3,4,13,36
2941,3941,4,4,5,66
2942,3942,1,1,4,33
2943,3943,5,4,14,70
2944,3944,1,0,9,34
2945,3945,3,2,3,49
2946,3946,1,1,7,29
2947,3947,2,2,3,35
2948,3948,3,4,6,44
2949,3949,5,4,12,73
2950,3950,1,1,9,49
2951,3951,4,6,8,64
2952,3952,4,4,13,56
2953,3953,1,1,6,43
2954,3954,4,5,6,52
2955,3955,2,0,4,41
2956,3956,4,5,13,67
2957,3957,1,1,10,37
2958,3958,2,2,10,45
2959,3959,2,2,12,48
2960,3960,2,3,3,24
2961,3961,1,2,6,38
2962,3962,3,3,10,44
2963,3963,2,1,9,36
2964,3964,3,3,12,57
2965,3965,2,5,12,39
2966,3966,2,2,10,27
2967,3967,2,3,8,42
2968,3968,4,6,8,52
2969,3969,2,2,12,35
2970,3970,4,5,4,59
2971,3971,1,2,4,34
2972,3972,2,3,9,48
2973,3973,2,4,12,43
2974,3974,3,4,11,30
2975,3975,3,2,9,40
2976,3976,3,6,11,40
2977,3977,3,1,6,30
2978,3978,3,4,5,53
2979,3979,3,4,3,58
2980,3980,2,0,6,35
2981,3981,1,1,10,34
2982,3982,1,0,4,22
2983,3983,3,3,5,47
2984,3984,4,4,7,42
2985,3985,1,2,11,32
2986,3986,3,3,6,40
2987,3987,3,5,4,45
2988,3988,4,6,10,52
2989,3989,1,2,1,29
2990,3990,1,1,3,26
2991,3991,3,3,10,39
2992,3992,2,3,12,42
2993,3993,1,3,7,31
2994,3994,2,2,12,51
2995,3995,5,4,12,81
2996,3996,3,4,12,53
2997,3997,4,5,4,67
2998,3998,3,4,6,45
2999,3999,2,2,7,32
3000,4000,2,2,12,38
3001,4001,1,3,2,12
3002,4002,1,1,10,31
3003,4003,2,2,8,52
3004,4004,1,2,7,41
3005,4005,4,5,9,48
3006,4006,3,3,9,39
3007,4007,1,2,11,47
3008,4008,2,4,6,56
3009,4009,2,2,2,41
3010,4010,2,2,9,34
3011,4011,1,2,4,34
3012,4012,4,5,14,46
3013,4013,4,3,7,48
3014,4014,4,6,8,56
3015,4015,1,2,5,34
3016,4016,3,4,9,63
3017,4017,4,5,14,65
3018,4018,2,2,8,28
3019,4019,4,5,12,71
3020,4020,2,3,2,27
3021,4021,4,5,10,57
3022,4022,3,5,12,40
3023,4023,3,5,13,37
3024,4024,3,4,7,56
3025,4025,4,3,13,64
3026,4026,4,4,10,64
3027,4027,2,3,7,40
3028,4028,4,5,8,70
3029,4029,2,4,6,39
3030,4030,4,5,4,63
3031,4031,4,3,13,50
3032,4032,1,1,11,18
3033,4033,2,3,3,51
3034,4034,2,4,12,58
3035,4035,1,2,2,24
3036,4036,4,3,10,54
3037,4037,4,5,14,65
3038,4038,4,6,14,63
3039,4039,3,3,4,51
3040,4040,4,5,4,54
3041,4041,4,5,4,67
3042,4042,2,2,6,36
3043,4043,4,3,4,56
3044,4044,2,3,4,32
3045,4045,2,2,2,34
3046,4046,2,4,12,32
3047,4047,3,4,4,43
3048,4048,3,3,10,24
3049,4049,0,2,5,33
3050,4050,2,3,11,28
3051,4051,3,5,11,49
3052,4052,5,4,10,86
3053,4053,2,3,2,35
3054,4054,2,4,5,22
3055,4055,3,3,9,54
3056,4056,4,2,14,69
3057,4057,3,2,4,38
3058,4058,5,6,13,65
3059,4059,1,2,3,27
3060,4060,3,3,8,35
3061,4061,2,2,5,29
3062,4062,4,4,7,77
3063,4063,3,4,5,53
3064,4064,4,5,5,67
3065,4065,5,5,13,71
3066,4066,1,2,7,21
3067,4067,5,5,14,76
3068,4068,2,2,12,30
3069,4069,3,4,6,47
3070,4070,1,2,8,31
3071,4071,3,3,13,64
3072,4072,1,3,4,25
3073,4073,3,3,9,42
3074,4074,3,3,7,51
3075,4075,4,3,5,54
3076,4076,3,4,12,52
3077,4077,4,5,11,51
3078,4078,3,4,4,44
3079,4079,3,2,3,69
3080,4080,1,1,10,10
3081,4081,2,2,3,40
3082,4082,5,6,11,56
3083,4083,3,4,12,42
3084,4084,1,2,8,31
3085,4085,2,2,5,40
3086,4086,2,2,7,36
3087,4087,2,3,5,41
3088,4088,4,4,8,56
3089,4089,2,3,12,36
3090,4090,1,2,7,30
3091,4091,3,3,6,47
3092,4092,2,3,7,32
3093,4093,2,2,2,55
3094,4094,2,2,3,35
3095,4095,2,2,4,32
3096,4096,3,3,13,50
3097,4097,4,6,8,44
3098,4098,1,1,7,40
3099,4099,5,6,14,82
3100,4100,4,4,14,60
3101,4101,2,3,12,33
3102,4102,2,2,11,43
3103,4103,2,3,7,41
3104,4104,3,4,9,61
3105,4105,3,4,13,41
3106,4106,4,4,10,48
3107,4107,2,0,2,49
3108,4108,3,2,6,42
3109,4109,2,2,5,33
3110,4110,4,5,14,52
3111,4111,3,3,9,55
3112,4112,2,3,5,28
3113,4113,4,4,12,36
3114,4114,3,3,7,43
3115,4115,2,2,12,24
3116,4116,4,4,9,39
3117,4117,4,5,8,61
3118,4118,2,2,10,44
3119,4119,3,3,13,64
3120,4120,5,4,10,79
3121,4121,1,1,2,47
3122,4122,2,2,5,54
3123,4123,2,3,8,35
3124,4124,1,3,3,34
3125,4125,3,1,13,49
3126,4126,2,1,12,35
3127,4127,3,4,4,49
3128,4128,2,2,10,36
3129,4129,1,1,4,44
3130,4130,4,3,10,53
3131,4131,4,4,14,63
3132,4132,0,0,0,18
3133,4133,1,1,4,21
3134,4134,3,4,10,61
3135,4135,2,2,9,36
3136,4136,1,3,6,25
3137,4137,3,3,7,43
3138,4138,2,2,5,36
3139,4139,2,3,5,34
3140,4140,1,2,2,32
3141,4141,0,1,5,19
3142,4142,2,4,11,25
3143,4143,2,2,8,45
3144,4144,4,4,6,70
3145,4145,1,2,4,39
3146,4146,2,2,4,42
3147,4147,2,2,8,35
3148,4148,2,2,12,35
3149,4149,3,2,8,52
3150,4150,4,3,11,68
3151,4151,1,2,1,23
3152,4152,4,5,5,51
3153,4153,4,6,5,60
3154,4154,4,4,10,61
3155,4155,4,4,9,70
3156,4156,3,4,13,44
3157,4157,4,5,11,65
3158,4158,5,5,11,76
3159,4159,1,2,4,34
3160,4160,4,4,7,32
3161,4161,3,3,4,41
3162,4162,2,4,4,29
3163,4163,5,4,13,57
3164,4164,5,5,9,97
3165,4165,2,3,8,17
3166,4166,4,5,9,56
3167,4167,4,3,7,57
3168,4168,5,5,13,85
3169,4169,4,5,6,48
3170,4170,3,3,6,49
3171,4171,2,1,4,41
3172,4172,1,1,8,23
3173,4173,2,3,4,39
3174,4174,1,1,2,30
3175,4175,4,4,9,66
3176,4176,4,5,8,51
3177,4177,2,4,5,40
3178,4178,4,4,13,74
3179,4179,3,4,10,73
3180,4180,5,4,7,77
3181,4181,5,4,6,66
3182,4182,3,5,6,47
3183,4183,3,4,8,59
3184,4184,2,3,4,22
3185,4185,1,1,2,36
3186,4186,2,3,12,36
3187,4187,5,5,8,67
3188,4188,3,4,13,50
3189,4189,5,5,6,74
3190,4190,1,1,9,22
3191,4191,5,6,13,72
3192,4192,1,2,9,26
3193,4193,3,3,4,43
3194,4194,3,5,9,70
3195,4195,3,4,6,47
3196,4196,5,6,10,69
3197,4197,3,3,3,50
3198,4198,1,2,5,15
3199,4199,2,3,10,28
3200,4200,2,1,4,35
3201,4201,2,2,4,53
3202,4202,3,3,3,50
3203,4203,4,4,4,53
3204,4204,1,1,8,25
3205,4205,4,4,8,62
3206,4206,3,4,3,53
3207,4207,4,4,12,41
3208,4208,3,4,5,48
3209,4209,0,2,9,35
3210,4210,2,4,5,45
3211,4211,3,5,10,47
3212,4212,4,4,14,57
3213,4213,2,1,2,31
3214,4214,4,4,8,77
3215,4215,5,4,11,57
3216,4216,4,5,11,69
3217,4217,4,4,4,79
3218,4218,1,2,7,21
3219,4219,1,1,4,29
3220,4220,2,2,9,22
3221,4221,5,5,12,77
3222,4222,3,3,5,58
3223,4223,1,2,11,30
3224,4224,1,3,2,33
3225,4225,2,3,3,30
3226,4226,3,1,12,57
3227,4227,5,5,9,74
3228,4228,5,4,7,73
3229,4229,2,2,7,61
3230,4230,1,1,3,39
3231,4231,4,4,7,58
3232,4232,2,2,12,28
3233,4233,4,6,12,80
3234,4234,3,3,3,52
3235,4235,4,6,6,68
3236,4236,2,3,6,36
3237,4237,4,5,9,58
3238,4238,2,3,7,35
3239,4239,4,5,14,66
3240,4240,2,1,5,35
3241,4241,2,3,4,41
3242,4242,4,3,10,53
3243,4243,2,1,10,35
3244,4244,2,2,4,28
3245,4245,3,4,10,66
3246,4246,3,5,5,84
3247,4247,4,4,10,84
3248,4248,2,3,11,27
3249,4249,4,4,8,58
3250,4250,4,5,11,72
3251,4251,4,3,13,78
3252,4252,1,3,10,29
3253,4253,2,2,6,31
3254,4254,5,5,5,67
3255,4255,1,1,10,27
3256,4256,3,3,7,58
3257,4257,3,4,12,37
3258,4258,3,3,7,63
3259,4259,3,5,4,53
3260,4260,3,1,4,59
3261,4261,1,3,8,34
3262,4262,4,5,12,49
3263,4263,4,4,11,53
3264,4264,3,3,6,55
3265,4265,4,5,10,59
3266,4266,1,2,10,37
3267,4267,2,4,2,30
3268,4268,2,2,5,43
3269,4269,2,1,11,32
3270,4270,2,4,6,61
3271,4271,3,3,4,58
3272,4272,2,0,3,40
3273,4273,4,6,7,52
3274,4274,1,3,1,36
3275,4275,4,5,12,62
3276,4276,3,4,13,40
3277,4277,5,5,5,74
3278,4278,2,3,2,53
3279,4279,4,5,8,48
3280,4280,3,4,4,49
3281,4281,5,5,8,56
3282,4282,2,1,11,48
3283,4283,2,4,12,45
3284,4284,2,2,11,27
3285,4285,2,4,10,43
3286,4286,4,4,9,50
3287,4287,4,4,13,80
3288,4288,4,4,9,52
3289,4289,4,3,11,68
3290,4290,3,3,8,49
3291,4291,2,1,3,46
3292,4292,3,3,5,48
3293,4293,2,2,12,38
3294,4294,3,4,13,55
3295,4295,3,3,4,54
3296,4296,2,1,9,24
3297,4297,1,1,10,28
3298,4298,4,5,6,60
3299,4299,4,5,7,63
3300,4300,1,2,11,11
3301,4301,2,1,11,19
3302,4302,4,6,8,32
3303,4303,4,3,13,61
3304,4304,2,3,6,40
3305,4305,2,3,9,35
3306,4306,5,4,6,72
3307,4307,2,3,2,45
3308,4308,3,4,11,74
3309,4309,1,2,11,48
3310,4310,4,5,8,56
3311,4311,3,5,6,59
3312,4312,2,1,10,33
3313,4313,2,1,12,34
3314,4314,3,4,13,54
3315,4315,2,3,3,40
3316,4316,1,2,11,15
3317,4317,4,5,10,67
3318,4318,1,2,4,28
3319,4319,3,5,13,50
3320,4320,2,1,5,46
3321,4321,2,1,10,49
3322,4322,5,5,15,70
3323,4323,5,5,11,92
3324,4324,4,3,6,78
3325,4325,3,2,10,49
3326,4326,2,2,12,64
3327,4327,2,3,6,27
3328,4328,5,5,5,68
3329,4329,3,4,9,59
3330,4330,2,3,11,42
3331,4331,1,2,10,30
3332,4332,4,5,10,60
3333,4333,3,2,11,56
3334,4334,4,3,7,65
3335,4335,4,5,12,68
3336,4336,1,1,2,22
3337,4337,4,4,11,73
3338,4338,4,5,4,70
3339,4339,2,2,5,33
3340,4340,3,4,11,51
3341,4341,3,5,5,38
3342,4342,4,5,14,68
3343,4343,2,1,9,43
3344,4344,1,2,10,30
3345,4345,2,3,10,29
3346,4346,4,5,14,50
3347,4347,3,5,3,61
3348,4348,4,4,6,66
3349,4349,3,3,11,36
3350,4350,3,3,13,46
3351,4351,2,2,7,27
3352,4352,2,4,4,49
3353,4353,3,5,6,50
3354,4354,3,2,12,35
3355,4355,1,1,2,36
3356,4356,3,3,10,48
3357,4357,5,5,13,66
3358,4358,4,5,8,49
3359,4359,1,1,6,33
3360,4360,2,3,4,47
3361,4361,5,4,10,97
3362,4362,4,4,8,52
3363,4363,2,1,9,54
3364,4364,3,3,8,58
3365,4365,4,3,13,68
3366,4366,1,2,2,32
3367,4367,3,4,5,72
3368,4368,1,0,6,29
3369,4369,2,3,8,24
3370,4370,3,3,8,41
3371,4371,2,3,11,52
3372,4372,3,3,8,56
3373,4373,2,2,2,38
3374,4374,1,2,11,27
3375,4375,3,4,7,39
3376,4376,3,4,8,57
3377,4377,1,3,4,14
3378,4378,3,3,10,48
3379,4379,3,3,3,59
3380,4380,5,6,7,70
3381,4381,1,1,2,19
3382,4382,2,3,12,27
3383,4383,1,3,10,17
3384,4384,3,1,9,50
3385,4385,2,2,3,38
3386,4386,4,4,14,66
3387,4387,2,2,5,44
3388,4388,4,3,5,47
3389,4389,5,5,11,74
3390,4390,4,4,5,72
3391,4391,2,3,3,39
3392,4392,4,5,6,49
3393,4393,1,1,7,28
3394,4394,2,3,6,20
3395,4395,2,3,8,37
3396,4396,3,2,5,43
3397,4397,1,2,6,29
3398,4398,5,4,7,61
3399,4399,2,3,9,43
3400,4400,4,5,9,61
3401,4401,3,3,5,61
3402,4402,2,3,5,46
3403,4403,3,4,11,50
3404,4404,3,3,10,43
3405,4405,5,6,7,67
3406,4406,3,4,5,38
3407,4407,4,3,11,53
3408,4408,2,1,5,49
3409,4409,1,0,8,34
3410,4410,1,2,9,35
3411,4411,3,5,5,53
3412,4412,2,3,2,59
3413,4413,2,2,12,39
3414,4414,3,3,6,49
3415,4415,1,2,5,28
3416,4416,3,4,13,44
3417,4417,2,1,8,54
3418,4418,1,1,4,39
3419,4419,0,2,0,16
3420,4420,4,5,10,56
3421,4421,1,2,10,31
3422,4422,2,0,6,21
3423,4423,4,6,9,51
3424,4424,5,5,10,79
3425,4425,1,2,6,17
3426,4426,2,4,9,51
3427,4427,3,2,13,51
3428,4428,2,2,9,38
3429,4429,3,1,11,45
3430,4430,2,2,2,56
3431,4431,2,3,10,27
3432,4432,4,3,11,58
3433,4433,4,3,12,65
3434,4434,5,5,6,71
3435,4435,1,2,10,20
3436,4436,2,2,5,52
3437,4437,3,4,9,52
3438,4438,5,5,14,69
3439,4439,4,5,11,54
3440,4440,5,5,9,74
3441,4441,3,2,7,46
3442,4442,2,1,11,57
3443,4443,1,3,1,19
3444,4444,3,3,5,58
3445,4445,2,3,11,31
3446,4446,3,1,13,71
3447,4447,3,3,10,53
3448,4448,1,2,6,36
3449,4449,2,3,7,36
3450,4450,2,2,6,43
3451,4451,1,3,1,23
3452,4452,4,5,5,67
3453,4453,2,1,11,53
3454,4454,3,4,10,53
3455,4455,2,3,6,28
3456,4456,5,4,15,60
3457,4457,2,1,3,45
3458,4458,3,4,13,51
3459,4459,2,1,3,45
3460,4460,2,2,9,31
3461,4461,4,4,6,67
3462,4462,3,5,6,47
3463,4463,2,2,2,49
3464,4464,4,4,10,46
3465,4465,1,2,1,23
3466,4466,3,4,9,45
3467,4467,4,3,7,58
3468,4468,1,1,6,36
3469,4469,4,4,11,41
3470,4470,3,3,5,49
3471,4471,2,4,3,47
3472,4472,4,3,14,55
3473,4473,2,3,10,44
3474,4474,2,2,8,29
3475,4475,2,3,8,50
3476,4476,3,4,5,62
3477,4477,3,5,5,37
3478,4478,3,4,3,44
3479,4479,3,2,4,53
3480,4480,5,4,6,78
3481,4481,1,2,8,35
3482,4482,3,3,11,48
3483,4483,0,1,2,10
3484,4484,2,3,4,22
3485,4485,4,6,4,52
3486,4486,3,5,9,42
3487,4487,3,4,7,56
3488,4488,2,3,5,45
3489,4489,3,3,5,40
3490,4490,4,3,5,45
3491,4491,1,2,10,25
3492,4492,4,3,7,57
3493,4493,3,5,7,60
3494,4494,2,3,5,49
3495,4495,1,3,5,50
3496,4496,1,2,9,29
3497,4497,5,4,8,76
3498,4498,4,4,12,66
3499,4499,3,4,3,34
3500,4500,4,3,6,83
3501,4501,2,1,5,22
3502,4502,3,3,10,41
3503,4503,4,5,14,65
3504,4504,4,6,12,71
3505,4505,1,3,11,37
3506,4506,2,2,6,21
3507,4507,1,1,9,15
3508,4508,1,2,6,47
3509,4509,4,3,6,66
3510,4510,2,3,9,46
3511,4511,3,2,4,49
3512,4512,4,5,12,71
3513,4513,3,4,6,57
3514,4514,5,6,8,63
3515,4515,2,3,8,32
3516,4516,2,3,3,40
3517,4517,2,2,2,38
3518,4518,3,3,3,48
3519,4519,2,2,5,36
3520,4520,2,2,11,48
3521,4521,2,2,2,58
3522,4522,2,2,7,54
3523,4523,3,4,7,40
3524,4524,3,4,12,48
3525,4525,3,4,6,53
3526,4526,2,3,10,57
3527,4527,2,3,8,46
3528,4528,0,2,9,15
3529,4529,2,3,5,44
3530,4530,3,2,11,42
3531,4531,1,2,11,37
3532,4532,1,2,8,22
3533,4533,4,6,4,74
3534,4534,3,3,3,39
3535,4535,2,0,2,32
3536,4536,3,3,12,63
3537,4537,2,3,2,43
3538,4538,0,0,2,17
3539,4539,3,5,9,41
3540,4540,4,3,9,51
3541,4541,4,5,8,75
3542,4542,3,2,9,54
3543,4543,1,1,11,38
3544,4544,5,4,5,79
3545,4545,4,3,10,62
3546,4546,2,2,2,32
3547,4547,2,2,3,38
3548,4548,4,4,11,58
3549,4549,2,1,2,43
3550,4550,2,2,12,35
3551,4551,4,4,7,64
3552,4552,5,5,14,73
3553,4553,3,4,6,60
3554,4554,5,6,10,65
3555,4555,2,3,8,35
3556,4556,5,4,9,89
3557,4557,4,5,5,64
3558,4558,2,3,8,50
3559,4559,2,4,5,17
3560,4560,2,2,10,55
3561,4561,3,4,13,63
3562,4562,3,4,12,68
3563,4563,1,1,6,24
3564,4564,3,2,5,49
3565,4565,3,6,4,47
3566,4566,3,3,13,47
3567,4567,3,3,9,48
3568,4568,5,5,7,79
3569,4569,3,1,5,54
3570,4570,4,3,4,48
3571,4571,2,4,11,49
3572,4572,3,2,3,54
3573,4573,5,5,9,62
3574,4574,3,4,13,40
3575,4575,2,3,7,36
3576,4576,5,3,7,69
3577,4577,4,5,12,57
3578,4578,3,4,10,56
3579,4579,1,2,5,34
3580,4580,1,3,3,30
3581,4581,0,2,5,10
3582,4582,4,6,12,69
3583,4583,1,2,8,37
3584,4584,4,5,6,70
3585,4585,3,3,3,49
3586,4586,3,5,10,55
3587,4587,4,3,4,74
3588,4588,1,2,8,27
3589,4589,5,5,15,78
3590,4590,3,4,5,41
3591,4591,1,1,2,13
3592,4592,0,1,3,25
3593,4593,4,6,5,52
3594,4594,4,6,6,53
3595,4595,4,5,12,59
3596,4596,2,3,3,48
3597,4597,4,5,9,71
3598,4598,5,5,10,59
3599,4599,2,2,3,17
3600,4600,3,3,10,58
3601,4601,3,3,3,51
3602,4602,4,5,5,62
3603,4603,1,1,9,29
3604,4604,3,2,8,60
3605,4605,4,5,8,63
3606,4606,3,5,7,45
3607,4607,3,2,4,47
3608,4608,4,4,4,56
3609,4609,5,4,9,61
3610,4610,2,1,6,62
3611,4611,2,3,2,47
3612,4612,4,4,14,47
3613,4613,2,3,4,41
3614,4614,1,0,2,40
3615,4615,3,5,11,60
3616,4616,5,5,11,81
3617,4617,2,2,3,40
3618,4618,5,5,10,70
3619,4619,3,3,12,66
3620,4620,3,3,9,45
3621,4621,2,2,3,41
3622,4622,2,3,7,44
3623,4623,3,4,3,53
3624,4624,1,2,11,28
3625,4625,3,4,5,57
3626,4626,3,3,4,42
3627,4627,4,4,8,56
3628,4628,4,4,9,56
3629,4629,5,4,14,68
3630,4630,3,3,12,51
3631,4631,4,4,4,67
3632,4632,4,5,6,54
3633,4633,4,4,4,59
3634,4634,3,3,13,35
3635,4635,2,4,4,38
3636,4636,4,4,9,56
3637,4637,1,3,3,27
3638,4638,4,5,12,61
3639,4639,3,4,6,57
3640,4640,2,3,11,39
3641,4641,4,4,5,62
3642,4642,4,3,9,53
3643,4643,1,1,4,37
3644,4644,2,2,12,39
3645,4645,1,1,4,16
3646,4646,4,4,5,68
3647,4647,2,4,8,25
3648,4648,1,2,8,36
3649,4649,4,5,11,68
3650,4650,1,1,11,39
3651,4651,4,3,7,63
3652,4652,3,3,7,47
3653,4653,2,2,9,44
3654,4654,2,0,12,39
3655,4655,2,3,3,55
3656,4656,3,4,11,44
3657,4657,1,2,2,33
3658,4658,2,2,10,38
3659,4659,3,3,7,81
3660,4660,2,4,7,41
3661,4661,1,3,5,28
3662,4662,3,3,3,48
3663,4663,4,3,14,51
3664,4664,3,4,10,48
3665,4665,2,3,3,27
3666,4666,4,6,7,67
3667,4667,3,3,12,34
3668,4668,1,2,2,46
3669,4669,1,2,9,28
3670,4670,3,4,11,55
3671,4671,2,1,5,52
3672,4672,3,5,5,38
3673,4673,4,5,8,63
3674,4674,1,1,8,20
3675,4675,4,6,10,53
3676,4676,1,1,11,13
3677,4677,4,5,9,66
3678,4678,4,3,14,61
3679,4679,4,3,4,69
3680,4680,1,3,4,30
3681,4681,4,4,13,70
3682,4682,2,1,7,44
3683,4683,2,3,9,44
3684,4684,3,3,13,56
3685,4685,1,4,6,23
3686,4686,3,5,8,44
3687,4687,4,3,6,50
3688,4688,3,4,4,62
3689,4689,5,5,13,69
3690,4690,3,4,12,36
3691,4691,3,4,9,49
3692,4692,2,1,6,33
3693,4693,5,5,8,67
3694,4694,5,5,13,70
3695,4695,3,3,13,73
3696,4696,3,4,5,64
3697,4697,2,3,5,38
3698,4698,3,4,6,45
3699,4699,3,4,10,60
3700,4700,3,4,13,43
3701,4701,4,4,8,65
3702,4702,5,5,15,74
3703,4703,1,1,8,36
3704,4704,3,2,3,39
3705,4705,4,6,4,61
3706,4706,2,2,6,61
3707,4707,2,1,3,38
3708,4708,4,4,4,62
3709,4709,2,2,3,33
3710,4710,2,1,6,40
3711,4711,1,2,1,33
3712,4712,1,2,6,41
3713,4713,5,5,5,83
3714,4714,3,4,11,50
3715,4715,2,2,10,33
3716,4716,2,3,5,39
3717,4717,4,5,13,52
3718,4718,3,4,7,48
3719,4719,1,3,11,23
3720,4720,1,2,3,38
3721,4721,3,3,4,51
3722,4722,3,3,8,42
3723,4723,2,3,4,53
3724,4724,1,2,5,32
3725,4725,2,3,9,39
3726,4726,3,3,12,33
3727,4727,2,1,12,16
3728,4728,3,3,10,42
3729,4729,3,3,12,32
3730,4730,1,3,3,40
3731,4731,2,3,5,37
3732,4732,4,4,8,72
3733,4733,4,4,4,56
3734,4734,5,5,9,65
3735,4735,4,5,10,54
3736,4736,2,3,9,29
3737,4737,3,3,10,56
3738,4738,5,4,9,57
3739,4739,3,3,3,59
3740,4740,5,5,7,76
3741,4741,2,3,10,35
3742,4742,3,3,13,40
3743,4743,4,3,8,65
3744,4744,2,3,3,31
3745,4745,2,3,2,26
3746,4746,2,2,5,31
3747,4747,2,2,10,44
3748,4748,4,6,5,61
3749,4749,2,1,5,39
3750,4750,1,1,4,29
3751,4751,1,3,10,10
3752,4752,2,3,6,48
3753,4753,4,4,13,53
3754,4754,2,3,9,61
3755,4755,1,1,10,29
3756,4756,3,3,3,41
3757,4757,1,1,1,37
3758,4758,3,4,5,52
3759,4759,3,4,11,38
3760,4760,3,2,6,57
3761,4761,3,3,12,50
3762,4762,3,4,13,56
3763,4763,1,1,3,24
3764,4764,2,2,7,45
3765,4765,2,2,4,37
3766,4766,1,1,3,14
3767,4767,1,3,5,31
3768,4768,4,5,8,55
3769,4769,3,3,5,68
3770,4770,2,3,8,10
3771,4771,3,4,5,69
3772,4772,4,4,6,58
3773,4773,3,2,8,50
3774,4774,2,2,4,51
3775,4775,2,3,3,45
3776,4776,3,3,7,56
3777,4777,4,5,10,81
3778,4778,2,2,12,36
3779,4779,2,3,3,42
3780,4780,0,1,3,10
3781,4781,2,3,12,39
3782,4782,3,4,13,59
3783,4783,2,0,11,30
3784,4784,2,3,6,40
3785,4785,2,3,4,48
3786,4786,2,3,5,47
3787,4787,4,5,5,64
3788,4788,5,6,12,74
3789,4789,2,4,4,45
3790,4790,5,4,7,68
3791,4791,2,4,6,51
3792,4792,1,1,7,29
3793,4793,2,2,5,47
3794,4794,3,4,8,64
3795,4795,1,1,6,29
3796,4796,1,3,2,22
3797,4797,2,1,8,41
3798,4798,3,3,7,46
3799,4799,1,1,2,35
3800,4800,1,0,1,19
3801,4801,2,2,3,54
3802,4802,2,3,6,46
3803,4803,0,2,8,28
3804,4804,3,4,5,55
3805,4805,4,4,7,52
3806,4806,2,2,2,42
3807,4807,3,4,6,50
3808,4808,3,4,12,55
3809,4809,1,2,7,13
3810,4810,1,2,2,21
3811,4811,3,2,7,54
3812,4812,1,2,9,37
3813,4813,2,2,6,37
3814,4814,4,5,10,49
3815,4815,3,5,3,41
3816,4816,4,4,7,56
3817,4817,4,5,13,54
3818,4818,3,3,3,45
3819,4819,3,4,10,23
3820,4820,5,6,6,56
3821,4821,3,3,13,31
3822,4822,2,2,11,37
3823,4823,4,3,5,47
3824,4824,4,4,5,62
3825,4825,1,1,9,35
3826,4826,4,3,5,49
3827,4827,2,3,12,46
3828,4828,1,2,4,41
3829,4829,4,6,5,67
3830,4830,4,5,13,50
3831,4831,5,5,15,70
3832,4832,3,6,3,57
3833,4833,2,2,9,31
3834,4834,3,3,10,36
3835,4835,4,5,11,47
3836,4836,2,2,3,36
3837,4837,3,3,7,52
3838,4838,1,2,4,53
3839,4839,1,2,3,25
3840,4840,1,1,4,43
3841,4841,4,4,5,50
3842,4842,3,3,11,41
3843,4843,2,4,4,42
3844,4844,4,4,4,60
3845,4845,1,2,7,28
3846,4846,2,1,7,25
3847,4847,4,4,4,51
3848,4848,3,4,3,48
3849,4849,3,3,5,52
3850,4850,4,4,9,48
3851,4851,3,3,4,47
3852,4852,3,4,8,58
3853,4853,3,4,10,55
3854,4854,3,4,6,49
3855,4855,2,3,12,46
3856,4856,3,3,5,48
3857,4857,3,4,11,49
3858,4858,0,2,4,33
3859,4859,3,2,3,44
3860,4860,5,5,14,68
3861,4861,4,4,4,57
3862,4862,0,2,9,29
3863,4863,2,3,11,48
3864,4864,3,3,5,70
3865,4865,4,4,13,57
3866,4866,3,6,13,35
3867,4867,3,2,10,47
3868,4868,4,4,13,64
3869,4869,2,2,5,65
3870,4870,2,2,2,43
3871,4871,4,6,11,62
3872,4872,0,0,9,35
3873,4873,4,6,7,66
3874,4874,3,4,5,42
3875,4875,3,3,12,38
3876,4876,2,3,9,30
3877,4877,1,3,10,35
3878,4878,3,2,3,53
3879,4879,2,1,5,48
3880,4880,2,2,7,51
3881,4881,3,3,3,44
3882,4882,4,5,13,69
3883,4883,2,2,9,36
3884,4884,2,2,8,29
3885,4885,1,3,6,33
3886,4886,2,3,5,20
3887,4887,2,2,12,27
3888,4888,4,5,13,67
3889,4889,3,2,9,62
3890,4890,3,4,9,60
3891,4891,3,3,13,41
3892,4892,4,5,14,52
3893,4893,4,5,14,63
3894,4894,3,1,3,52
3895,4895,2,2,12,40
3896,4896,2,3,12,32
3897,4897,5,6,15,69
3898,4898,3,1,8,52
3899,4899,4,3,8,71
3900,4900,2,2,5,37
3901,4901,3,3,11,44
3902,4902,4,5,8,59
3903,4903,3,3,6,55
3904,4904,3,2,3,51
3905,4905,1,1,4,24
3906,4906,4,5,5,52
3907,4907,3,3,10,64
3908,4908,3,4,9,65
3909,4909,4,5,9,49
3910,4910,2,2,7,48
3911,4911,1,2,5,31
3912,4912,4,4,14,62
3913,4913,5,4,12,66
3914,4914,2,2,9,24
3915,4915,2,3,5,49
3916,4916,1,2,8,33
3917,4917,2,3,12,49
3918,4918,2,4,2,45
3919,4919,3,3,9,45
3920,4920,1,1,7,34
3921,4921,5,4,6,55
3922,4922,4,3,10,75
3923,4923,3,6,8,57
3924,4924,4,4,6,48
3925,4925,4,5,12,58
3926,4926,2,1,10,43
3927,4927,4,4,8,54
3928,4928,4,6,13,61
3929,4929,2,4,12,16
3930,4930,2,2,2,40
3931,4931,0,1,7,20
3932,4932,2,4,2,41
3933,4933,1,2,8,45
3934,4934,4,5,11,53
3935,4935,4,3,5,63
3936,4936,4,5,10,83
3937,4937,2,2,12,24
3938,4938,4,4,13,74
3939,4939,1,1,7,13
3940,4940,4,4,14,64
3941,4941,2,3,2,37
3942,4942,5,5,12,75
3943,4943,4,6,11,52
3944,4944,2,3,7,45
3945,4945,2,2,8,40
3946,4946,2,2,12,43
3947,4947,4,2,9,54
3948,4948,2,3,9,31
3949,4949,1,3,9,32
3950,4950,4,5,11,60
3951,4951,2,1,11,34
3952,4952,4,5,11,58
3953,4953,3,5,11,59
3954,4954,3,4,13,73
3955,4955,1,3,2,38
3956,4956,4,4,5,52
3957,4957,1,2,4,38
3958,4958,2,2,12,27
3959,4959,2,4,10,52
3960,4960,2,2,5,49
3961,4961,1,1,8,41
3962,4962,2,2,7,33
3963,4963,3,2,8,57
3964,4964,2,3,12,43
3965,4965,3,4,5,62
3966,4966,2,2,9,34
3967,4967,3,3,5,48
3968,4968,1,1,5,29
3969,4969,1,1,9,22
3970,4970,3,4,10,53
3971,4971,3,4,13,43
3972,4972,4,5,4,36
3973,4973,4,4,9,39
3974,4974,3,3,8,45
3975,4975,4,3,6,63
3976,4976,4,5,5,62
3977,4977,4,3,5,54
3978,4978,4,3,8,49
3979,4979,3,3,5,63
3980,4980,2,3,10,38
3981,4981,3,4,10,51
3982,4982,0,2,7,25
3983,4983,0,0,5,16
3984,4984,2,0,12,54
3985,4985,0,1,10,15
3986,4986,4,6,5,57
3987,4987,3,2,6,56
3988,4988,5,5,8,76
3989,4989,5,5,13,70
3990,4990,1,2,4,36
3991,4991,2,3,7,45
3992,4992,1,1,2,19
3993,4993,1,1,3,29
3994,4994,0,1,5,10
3995,4995,3,4,6,51
3996,4996,4,5,10,66
3997,4997,2,3,8,22
3998,4998,5,6,14,70
3999,4999,2,4,10,40
4000,5000,3,5,13,36
4001,5001,5,5,14,85
4002,5002,4,4,14,38
4003,5003,3,3,8,58
4004,5004,2,4,9,27
4005,5005,4,5,12,79
4006,5006,2,3,7,50
4007,5007,1,4,5,16
4008,5008,2,3,11,32
4009,5009,3,5,7,62
4010,5010,4,5,11,65
4011,5011,2,1,3,50
4012,5012,1,2,7,41
4013,5013,2,2,11,36
4014,5014,2,3,9,45
4015,5015,1,0,2,34
4016,5016,5,6,12,76
4017,5017,4,6,14,59
4018,5018,3,4,7,51
4019,5019,2,2,5,60
4020,5020,3,3,9,49
4021,5021,4,6,6,51
4022,5022,1,2,3,17
4023,5023,2,2,6,35
4024,5024,4,3,11,76
4025,5025,2,3,2,41
4026,5026,2,1,11,53
4027,5027,3,4,9,52
4028,5028,4,6,13,54
4029,5029,1,2,4,29
4030,5030,4,5,8,64
4031,5031,2,3,10,29
4032,5032,2,4,8,46
4033,5033,1,2,5,29
4034,5034,2,2,10,19
4035,5035,2,1,11,29
4036,5036,3,3,3,55
4037,5037,3,3,5,70
4038,5038,4,5,14,62
4039,5039,3,4,10,42
4040,5040,1,1,3,24
4041,5041,3,2,8,57
4042,5042,2,1,8,39
4043,5043,3,5,8,56
4044,5044,3,3,7,35
4045,5045,1,1,11,29
4046,5046,2,1,4,61
4047,5047,3,3,3,53
4048,5048,5,5,13,74
4049,5049,5,5,14,83
4050,5050,4,4,11,63
4051,5051,5,6,15,73
4052,5052,2,1,8,36
4053,5053,2,3,7,40
4054,5054,1,3,9,27
4055,5055,4,4,11,70
4056,5056,2,4,10,48
4057,5057,3,5,9,39
4058,5058,4,4,6,73
4059,5059,2,4,4,59
4060,5060,3,4,6,53
4061,5061,2,1,2,41
4062,5062,4,4,5,59
4063,5063,1,2,10,38
4064,5064,2,3,12,36
4065,5065,3,4,3,62
4066,5066,3,5,3,43
4067,5067,2,1,2,41
4068,5068,2,2,6,33
4069,5069,1,2,4,27
4070,5070,2,2,5,40
4071,5071,3,3,5,48
4072,5072,1,3,10,23
4073,5073,3,4,7,56
4074,5074,4,4,14,52
4075,5075,4,5,11,57
4076,5076,1,2,10,19
4077,5077,4,5,10,66
4078,5078,1,2,3,25
4079,5079,3,4,13,71
4080,5080,5,5,7,77
4081,5081,3,2,4,50
4082,5082,1,2,8,28
4083,5083,1,2,9,18
4084,5084,3,3,11,56
4085,5085,5,6,7,69
4086,5086,4,5,14,50
4087,5087,1,1,11,30
4088,5088,4,5,13,66
4089,5089,5,4,8,59
4090,5090,1,2,8,24
4091,5091,4,5,7,36
4092,5092,2,2,7,32
4093,5093,1,2,3,28
4094,5094,4,4,7,51
4095,5095,4,4,7,76
4096,5096,2,1,7,34
4097,5097,3,4,11,66
4098,5098,2,2,9,39
4099,5099,4,4,11,58
4100,5100,1,1,3,10
4101,5101,3,2,4,43
4102,5102,1,2,1,25
4103,5103,3,4,13,46
4104,5104,5,4,11,84
4105,5105,2,3,7,51
4106,5106,2,2,7,26
4107,5107,3,4,5,38
4108,5108,3,2,3,54
4109,5109,4,4,14,61
4110,5110,2,4,2,39
4111,5111,2,3,10,42
4112,5112,4,3,13,70
4113,5113,5,5,8,73
4114,5114,2,3,11,58
4115,5115,4,4,8,50
4116,5116,3,4,5,45
4117,5117,1,3,4,25
4118,5118,3,3,5,46
4119,5119,2,1,5,30
4120,5120,1,3,2,30
4121,5121,4,3,13,75
4122,5122,5,4,10,62
4123,5123,4,4,6,54
4124,5124,2,3,11,47
4125,5125,3,4,8,39
4126,5126,4,5,4,71
4127,5127,4,5,5,63
4128,5128,2,1,9,53
4129,5129,2,3,11,47
4130,5130,2,2,5,33
4131,5131,2,3,5,41
4132,5132,2,3,12,45
4133,5133,4,5,5,47
4134,5134,4,6,14,68
4135,5135,2,2,11,41
4136,5136,3,4,8,50
4137,5137,1,2,9,13
4138,5138,2,1,5,44
4139,5139,4,6,13,61
4140,5140,4,5,12,57
4141,5141,1,1,4,34
4142,5142,4,5,13,51
4143,5143,1,1,7,29
4144,5144,5,4,7,84
4145,5145,0,1,9,24
4146,5146,3,3,12,50
4147,5147,3,4,10,43
4148,5148,3,3,8,52
4149,5149,2,3,11,32
4150,5150,4,4,14,53
4151,5151,2,3,9,36
4152,5152,4,4,8,48
4153,5153,3,4,7,48
4154,5154,2,2,6,29
4155,5155,2,2,6,39
4156,5156,3,3,9,42
4157,5157,4,4,6,55
4158,5158,0,0,7,20
4159,5159,5,5,11,52
4160,5160,3,3,5,44
4161,5161,4,3,14,62
4162,5162,1,1,11,15
4163,5163,5,4,13,62
4164,5164,3,4,11,29
4165,5165,4,4,7,53
4166,5166,0,2,7,14
4167,5167,3,5,4,54
4168,5168,3,3,8,60
4169,5169,4,3,6,72
4170,5170,1,2,9,43
4171,5171,1,2,1,52
4172,5172,4,5,11,71
4173,5173,1,2,10,33
4174,5174,1,2,7,35
4175,5175,4,4,10,40
4176,5176,5,4,5,85
4177,5177,4,4,7,59
4178,5178,3,4,11,50
4179,5179,5,5,11,87
4180,5180,4,5,12,70
4181,5181,4,5,14,49
4182,5182,1,2,7,47
4183,5183,3,3,11,50
4184,5184,5,4,14,59
4185,5185,4,3,12,53
4186,5186,3,4,11,67
4187,5187,4,4,14,47
4188,5188,2,3,5,40
4189,5189,1,0,4,28
4190,5190,4,4,7,55
4191,5191,2,3,8,46
4192,5192,2,3,2,48
4193,5193,4,5,11,68
4194,5194,1,3,5,42
4195,5195,4,3,9,68
4196,5196,1,2,6,36
4197,5197,1,3,2,32
4198,5198,1,1,8,33
4199,5199,4,5,8,50
4200,5200,2,4,6,24
4201,5201,3,3,11,30
4202,5202,3,4,3,46
4203,5203,4,4,4,63
4204,5204,3,5,12,48
4205,5205,4,5,13,52
4206,5206,4,4,4,59
4207,5207,2,2,8,18
4208,5208,1,1,11,34
4209,5209,4,4,4,48
4210,5210,4,4,9,64
4211,5211,5,6,14,83
4212,5212,5,4,15,63
4213,5213,2,1,7,25
4214,5214,5,5,7,92
4215,5215,4,3,5,57
4216,5216,3,3,3,48
4217,5217,4,4,12,61
4218,5218,1,2,6,28
4219,5219,1,2,9,15
4220,5220,5,5,8,74
4221,5221,5,6,14,50
4222,5222,3,5,12,38
4223,5223,3,2,11,45
4224,5224,2,3,12,37
4225,5225,4,4,9,50
4226,5226,4,6,12,64
4227,5227,4,3,11,56
4228,5228,2,3,12,47
4229,5229,4,3,5,62
4230,5230,2,2,3,33
4231,5231,4,3,9,42
4232,5232,5,5,6,76
4233,5233,5,5,14,71
4234,5234,4,5,14,60
4235,5235,3,3,13,57
4236,5236,3,2,4,48
4237,5237,3,3,12,54
4238,5238,0,2,4,15
4239,5239,2,1,12,32
4240,5240,3,2,3,45
4241,5241,4,4,13,49
4242,5242,4,4,7,60
4243,5243,1,1,2,34
4244,5244,5,6,11,64
4245,5245,1,1,10,24
4246,5246,4,5,13,56
4247,5247,4,4,12,55
4248,5248,4,3,7,62
4249,5249,3,3,8,42
4250,5250,3,4,12,59
4251,5251,5,3,11,68
4252,5252,0,0,3,10
4253,5253,2,2,6,28
4254,5254,3,3,3,47
4255,5255,3,5,7,45
4256,5256,2,2,4,38
4257,5257,2,5,5,38
4258,5258,1,3,1,19
4259,5259,2,3,9,20
4260,5260,4,4,6,47
4261,5261,2,4,3,64
4262,5262,3,3,10,44
4263,5263,4,4,7,72
4264,5264,3,3,7,42
4265,5265,1,3,6,30
4266,5266,3,2,5,73
4267,5267,3,4,9,54
4268,5268,4,4,5,54
4269,5269,3,3,13,56
4270,5270,2,4,6,50
4271,5271,1,2,3,10
4272,5272,3,3,5,35
4273,5273,4,4,8,61
4274,5274,2,3,6,47
4275,5275,4,5,9,67
4276,5276,3,2,4,41
4277,5277,3,2,10,48
4278,5278,3,2,9,40
4279,5279,2,2,9,48
4280,5280,1,1,2,25
4281,5281,2,2,3,35
4282,5282,2,2,8,40
4283,5283,1,1,2,26
4284,5284,2,4,3,29
4285,5285,1,3,2,35
4286,5286,2,1,8,39
4287,5287,5,5,13,73
4288,5288,3,4,4,47
4289,5289,4,5,13,47
4290,5290,5,6,14,67
4291,5291,5,5,15,83
4292,5292,3,5,7,66
4293,5293,1,2,5,45
4294,5294,1,3,10,48
4295,5295,4,4,10,48
4296,5296,2,3,3,31
4297,5297,4,4,9,61
4298,5298,1,3,3,30
4299,5299,2,3,3,39
4300,5300,4,6,10,69
4301,5301,4,6,7,63
4302,5302,3,2,5,46
4303,5303,2,1,5,45
4304,5304,2,2,12,38
4305,5305,2,2,5,41
4306,5306,1,3,10,11
4307,5307,2,1,6,32
4308,5308,4,5,13,47
4309,5309,5,5,5,52
4310,5310,3,3,11,55
4311,5311,2,2,6,39
4312,5312,4,5,14,55
4313,5313,1,2,10,36
4314,5314,2,2,9,49
4315,5315,2,2,7,38
4316,5316,2,2,9,23
4317,5317,2,3,8,20
4318,5318,4,4,7,42
4319,5319,4,5,6,58
4320,5320,4,6,12,70
4321,5321,1,3,9,42
4322,5322,4,3,10,61
4323,5323,3,4,4,59
4324,5324,4,3,11,76
4325,5325,4,4,6,64
4326,5326,3,2,3,59
4327,5327,1,2,3,34
4328,5328,3,4,4,52
4329,5329,3,2,13,53
4330,5330,3,2,13,52
4331,5331,2,2,9,36
4332,5332,2,2,10,28
4333,5333,2,1,9,39
4334,5334,1,1,11,15
4335,5335,2,2,10,10
4336,5336,2,3,8,36
4337,5337,2,2,11,21
4338,5338,4,3,10,61
4339,5339,1,2,6,32
4340,5340,3,4,6,48
4341,5341,3,4,8,39
4342,5342,5,5,13,76
4343,5343,2,3,6,42
4344,5344,2,3,10,44
4345,5345,4,3,9,52
4346,5346,1,2,4,20
4347,5347,4,6,10,58
4348,5348,4,5,11,72
4349,5349,4,4,9,60
4350,5350,3,2,8,59
4351,5351,2,3,12,31
4352,5352,3,2,6,49
4353,5353,2,2,3,35
4354,5354,1,0,6,37
4355,5355,3,4,9,49
4356,5356,5,6,7,74
4357,5357,4,6,4,65
4358,5358,4,5,5,65
4359,5359,1,3,2,26
4360,5360,3,3,4,58
4361,5361,3,3,5,54
4362,5362,1,2,8,35
4363,5363,5,4,6,48
4364,5364,3,3,9,40
4365,5365,3,4,12,55
4366,5366,3,5,10,88
4367,5367,5,4,6,67
4368,5368,5,4,11,79
4369,5369,4,5,9,59
4370,5370,1,2,3,41
4371,5371,3,5,6,67
4372,5372,2,2,7,46
4373,5373,4,4,9,74
4374,5374,2,3,6,44
4375,5375,5,4,8,54
4376,5376,2,3,5,34
4377,5377,2,2,2,23
4378,5378,3,3,11,41
4379,5379,2,2,4,28
4380,5380,0,1,9,10
4381,5381,4,4,8,49
4382,5382,5,4,15,77
4383,5383,4,3,4,73
4384,5384,2,2,4,40
4385,5385,2,2,6,48
4386,5386,4,6,9,48
4387,5387,3,3,8,47
4388,5388,2,3,4,32
4389,5389,0,2,2,22
4390,5390,3,5,8,53
4391,5391,4,4,10,32
4392,5392,3,2,11,40
4393,5393,3,2,9,59
4394,5394,3,4,7,56
4395,5395,4,5,5,60
4396,5396,3,5,3,57
4397,5397,2,1,3,31
4398,5398,2,2,5,58
4399,5399,4,4,4,56
4400,5400,2,3,12,29
4401,5401,3,2,3,56
4402,5402,5,5,6,66
4403,5403,3,3,4,48
4404,5404,3,3,12,56
4405,5405,4,3,8,67
4406,5406,3,2,10,60
4407,5407,5,5,9,73
4408,5408,2,2,11,15
4409,5409,3,3,13,37
4410,5410,3,3,10,64
4411,5411,1,1,9,32
4412,5412,4,5,10,56
4413,5413,2,2,11,28
4414,5414,2,2,2,48
4415,5415,3,4,12,57
4416,5416,3,4,7,55
4417,5417,3,3,11,37
4418,5418,2,2,12,49
4419,5419,3,4,12,54
4420,5420,3,4,7,63
4421,5421,3,4,12,50
4422,5422,2,2,4,40
4423,5423,1,2,11,31
4424,5424,3,3,7,56
4425,5425,4,5,14,71
4426,5426,4,4,12,70
4427,5427,2,1,9,37
4428,5428,4,3,8,64
4429,5429,2,1,8,34
4430,5430,2,3,8,37
4431,5431,4,3,7,72
4432,5432,4,5,5,72
4433,5433,3,1,12,24
4434,5434,1,1,3,46
4435,5435,5,5,14,71
4436,5436,4,3,13,63
4437,5437,4,3,4,62
4438,5438,1,1,1,36
4439,5439,4,3,7,71
4440,5440,5,5,5,74
4441,5441,1,2,4,30
4442,5442,2,3,3,41
4443,5443,0,1,10,28
4444,5444,1,2,7,39
4445,5445,2,1,8,24
4446,5446,3,3,3,68
4447,5447,3,5,8,41
4448,5448,1,2,2,35
4449,5449,3,2,6,46
4450,5450,4,3,12,46
4451,5451,4,4,11,67
4452,5452,3,4,13,50
4453,5453,1,2,6,26
4454,5454,3,2,10,29
4455,5455,4,5,12,61
4456,5456,3,4,5,63
4457,5457,1,0,6,28
4458,5458,3,4,8,54
4459,5459,2,1,2,32
4460,5460,4,4,13,74
4461,5461,3,1,6,56
4462,5462,3,3,10,61
4463,5463,4,5,9,74
4464,5464,5,4,11,66
4465,5465,3,3,10,50
4466,5466,4,6,13,72
4467,5467,1,1,2,33
4468,5468,2,2,11,68
4469,5469,3,3,7,48
4470,5470,4,4,10,48
4471,5471,2,1,7,47
4472,5472,2,3,11,47
4473,5473,3,4,7,52
4474,5474,2,5,7,40
4475,5475,3,2,12,50
4476,5476,3,5,11,54
4477,5477,2,1,11,39
4478,5478,1,1,1,28
4479,5479,4,4,4,52
4480,5480,3,4,9,53
4481,5481,1,1,1,31
4482,5482,1,1,3,18
4483,5483,3,4,13,50
4484,5484,4,3,13,68
4485,5485,3,4,12,42
4486,5486,1,2,11,42
4487,5487,1,2,9,29
4488,5488,4,4,7,64
4489,5489,4,3,9,81
4490,5490,4,5,4,60
4491,5491,4,3,14,55
4492,5492,2,3,5,28
4493,5493,5,5,10,87
4494,5494,4,4,7,60
4495,5495,3,3,8,48
4496,5496,2,2,9,30
4497,5497,3,3,9,37
4498,5498,4,4,9,61
4499,5499,2,1,12,42
4500,5500,2,2,12,51
4501,5501,3,2,4,58
4502,5502,2,1,7,55
4503,5503,2,2,12,35
4504,5504,1,1,8,24
4505,5505,3,4,6,51
4506,5506,3,4,7,54
4507,5507,5,5,11,71
4508,5508,3,4,9,41
4509,5509,2,2,2,35
4510,5510,3,5,9,34
4511,5511,3,3,6,35
4512,5512,3,3,10,58
4513,5513,2,2,8,37
4514,5514,1,3,4,37
4515,5515,1,2,7,32
4516,5516,4,5,12,63
4517,5517,1,1,1,10
4518,5518,1,0,6,20
4519,5519,2,1,5,32
4520,5520,1,1,3,39
4521,5521,3,4,11,58
4522,5522,0,1,1,24
4523,5523,1,1,7,41
4524,5524,2,2,7,40
4525,5525,2,4,7,35
4526,5526,4,5,7,39
4527,5527,2,2,10,41
4528,5528,2,2,10,38
4529,5529,4,4,5,58
4530,5530,2,1,12,27
4531,5531,2,3,8,46
4532,5532,3,4,8,61
4533,5533,2,2,9,39
4534,5534,1,1,6,47
4535,5535,4,4,7,64
4536,5536,1,1,7,25
4537,5537,1,3,1,31
4538,5538,3,2,3,64
4539,5539,2,3,5,27
4540,5540,1,2,1,31
4541,5541,1,1,7,25
4542,5542,2,1,5,33
4543,5543,3,4,8,41
4544,5544,3,5,10,58
4545,5545,4,5,9,66
4546,5546,4,4,4,64
4547,5547,4,5,4,64
4548,5548,3,3,13,42
4549,5549,2,2,7,44
4550,5550,2,2,6,42
4551,5551,1,1,1,25
4552,5552,3,4,12,40
4553,5553,4,4,10,52
4554,5554,3,4,8,65
4555,5555,3,6,9,50
4556,5556,4,4,10,76
4557,5557,3,3,10,50
4558,5558,4,4,11,70
4559,5559,2,1,10,36
4560,5560,3,1,13,37
4561,5561,4,4,14,54
4562,5562,3,4,9,48
4563,5563,5,5,13,65
4564,5564,4,5,5,63
4565,5565,2,3,9,41
4566,5566,2,2,6,31
4567,5567,2,2,6,46
4568,5568,1,2,7,43
4569,5569,1,3,1,28
4570,5570,1,2,3,30
4571,5571,2,2,5,42
4572,5572,3,4,12,52
4573,5573,2,1,5,43
4574,5574,3,5,10,47
4575,5575,1,2,11,31
4576,5576,3,4,6,56
4577,5577,1,2,3,34
4578,5578,2,2,9,49
4579,5579,2,3,2,35
4580,5580,4,4,12,56
4581,5581,4,3,7,69
4582,5582,2,4,9,51
4583,5583,2,2,8,51
4584,5584,3,5,5,49
4585,5585,4,4,4,62
4586,5586,3,5,5,61
4587,5587,4,5,4,55
4588,5588,3,2,6,38
4589,5589,3,3,12,33
4590,5590,1,2,9,26
4591,5591,3,3,6,38
4592,5592,3,3,5,65
4593,5593,1,1,11,30
4594,5594,1,2,5,30
4595,5595,2,1,6,39
4596,5596,3,5,5,48
4597,5597,2,1,4,18
4598,5598,4,4,14,58
4599,5599,3,4,12,40
4600,5600,4,4,7,74
4601,5601,1,1,7,41
4602,5602,3,4,4,65
4603,5603,3,2,7,43
4604,5604,1,1,4,19
4605,5605,3,3,12,42
4606,5606,3,3,3,40
4607,5607,3,3,12,20
4608,5608,3,4,6,55
4609,5609,2,3,12,41
4610,5610,4,5,9,54
4611,5611,0,1,9,30
4612,5612,4,4,14,58
4613,5613,2,3,4,44
4614,5614,2,2,11,48
4615,5615,2,1,7,41
4616,5616,1,1,4,36
4617,5617,5,5,14,67
4618,5618,3,3,12,49
4619,5619,3,3,9,28
4620,5620,3,3,10,39
4621,5621,3,3,9,41
4622,5622,2,3,7,38
4623,5623,1,1,7,23
4624,5624,4,4,14,65
4625,5625,3,3,5,37
4626,5626,4,5,8,61
4627,5627,4,5,12,83
4628,5628,3,2,13,51
4629,5629,5,6,15,51
4630,5630,3,3,5,55
4631,5631,4,4,14,56
4632,5632,5,5,11,61
4633,5633,3,4,9,42
4634,5634,5,6,11,70
4635,5635,2,2,5,36
4636,5636,2,3,2,43
4637,5637,3,3,4,56
4638,5638,3,4,5,52
4639,5639,4,4,12,70
4640,5640,1,1,4,16
4641,5641,1,2,4,41
4642,5642,4,3,4,40
4643,5643,2,0,7,40
4644,5644,5,5,15,73
4645,5645,4,4,14,64
4646,5646,1,2,3,42
4647,5647,3,3,5,38
4648,5648,2,3,5,37
4649,5649,4,4,7,67
4650,5650,3,3,10,45
4651,5651,1,0,4,34
4652,5652,3,2,4,57
4653,5653,3,3,10,43
4654,5654,1,3,5,32
4655,5655,1,1,4,19
4656,5656,3,4,9,56
4657,5657,3,5,13,56
4658,5658,3,2,10,57
4659,5659,4,5,14,53
4660,5660,2,1,7,47
4661,5661,4,4,9,51
4662,5662,2,2,12,35
4663,5663,1,1,3,25
4664,5664,4,5,12,57
4665,5665,4,4,7,69
4666,5666,0,2,4,10
4667,5667,5,5,7,79
4668,5668,3,4,6,47
4669,5669,4,6,9,71
4670,5670,3,4,12,62
4671,5671,4,4,11,64
4672,5672,2,3,8,52
4673,5673,2,2,10,42
4674,5674,4,3,10,64
4675,5675,3,4,11,29
4676,5676,2,2,3,41
4677,5677,5,5,5,76
4678,5678,2,1,3,26
4679,5679,3,2,8,49
4680,5680,1,3,11,41
4681,5681,3,4,10,42
4682,5682,3,4,4,52
4683,5683,2,2,5,42
4684,5684,2,3,3,58
4685,5685,4,3,5,69
4686,5686,2,3,8,43
4687,5687,2,2,8,35
4688,5688,3,2,13,33
4689,5689,4,4,5,68
4690,5690,1,1,4,33
4691,5691,1,1,8,32
4692,5692,2,2,8,48
4693,5693,5,6,14,57
4694,5694,2,2,3,40
4695,5695,1,1,5,36
4696,5696,2,1,9,26
4697,5697,3,3,4,67
4698,5698,3,6,13,55
4699,5699,4,3,4,70
4700,5700,3,3,3,56
4701,5701,3,3,7,64
4702,5702,0,2,2,16
4703,5703,3,3,10,65
4704,5704,3,3,10,20
4705,5705,4,3,8,55
4706,5706,1,2,6,31
4707,5707,1,1,3,29
4708,5708,4,5,5,56
4709,5709,1,1,11,47
4710,5710,4,5,9,68
4711,5711,3,2,13,41
4712,5712,2,3,7,27
4713,5713,5,5,13,74
4714,5714,1,2,5,17
4715,5715,5,6,12,69
4716,5716,5,6,15,71
4717,5717,0,2,6,23
4718,5718,4,5,14,50
4719,5719,1,1,2,31
4720,5720,2,1,9,44
4721,5721,4,4,7,74
4722,5722,2,3,7,42
4723,5723,5,5,5,77
4724,5724,2,3,5,22
4725,5725,3,5,10,41
4726,5726,4,5,14,52
4727,5727,4,6,5,48
4728,5728,2,3,2,41
4729,5729,2,1,3,51
4730,5730,4,4,7,53
4731,5731,3,4,5,36
4732,5732,2,3,6,69
4733,5733,2,1,9,36
4734,5734,2,4,11,38
4735,5735,2,2,6,25
4736,5736,5,5,8,69
4737,5737,1,3,6,32
4738,5738,3,3,9,62
4739,5739,4,4,13,64
4740,5740,4,4,8,41
4741,5741,2,1,3,45
4742,5742,0,1,8,11
4743,5743,4,5,11,68
4744,5744,3,3,10,48
4745,5745,0,0,1,30
4746,5746,4,5,12,67
4747,5747,1,3,9,32
4748,5748,2,0,7,42
4749,5749,3,3,7,42
4750,5750,3,3,10,41
4751,5751,3,4,10,59
4752,5752,2,2,8,48
4753,5753,3,1,4,56
4754,5754,2,3,8,33
4755,5755,3,4,6,36
4756,5756,5,5,10,78
4757,5757,4,5,10,61
4758,5758,5,4,13,69
4759,5759,1,2,9,18
4760,5760,3,2,13,61
4761,5761,1,2,7,43
4762,5762,4,5,7,70
4763,5763,2,3,2,32
4764,5764,2,2,7,36
4765,5765,2,2,7,42
4766,5766,1,1,9,32
4767,5767,3,2,7,58
4768,5768,2,1,11,36
4769,5769,1,2,4,20
4770,5770,3,5,4,52
4771,5771,5,5,14,66
4772,5772,1,2,8,34
4773,5773,2,3,2,40
4774,5774,4,3,5,62
4775,5775,2,4,10,54
4776,5776,1,3,3,30
4777,5777,4,5,10,64
4778,5778,2,2,9,24
4779,5779,3,3,3,38
4780,5780,3,3,11,60
4781,5781,3,3,13,62
4782,5782,3,3,3,73
4783,5783,3,4,9,19
4784,5784,4,5,6,70
4785,5785,2,2,11,35
4786,5786,0,0,0,23
4787,5787,1,2,3,28
4788,5788,3,4,4,63
4789,5789,1,1,3,40
4790,5790,4,5,13,50
4791,5791,0,0,3,33
4792,5792,3,3,3,65
4793,5793,2,1,8,57
4794,5794,5,5,13,79
4795,5795,4,5,12,49
4796,5796,2,1,3,44
4797,5797,4,4,6,72
4798,5798,3,2,8,63
4799,5799,4,4,7,79
4800,5800,1,2,2,26
4801,5801,4,3,10,60
4802,5802,3,5,13,52
4803,5803,3,2,3,40
4804,5804,2,1,10,54
4805,5805,4,5,8,65
4806,5806,2,2,5,36
4807,5807,3,6,5,38
4808,5808,5,5,8,81
4809,5809,0,2,3,24
4810,5810,2,2,5,34
4811,5811,5,5,14,72
4812,5812,3,4,4,51
4813,5813,2,3,10,33
4814,5814,1,2,8,37
4815,5815,2,3,10,43
4816,5816,4,5,8,51
4817,5817,3,5,5,59
4818,5818,2,3,2,31
4819,5819,4,5,14,51
4820,5820,3,4,12,67
4821,5821,1,1,5,25
4822,5822,4,5,10,57
4823,5823,1,2,10,50
4824,5824,2,2,7,22
4825,5825,2,3,10,25
4826,5826,2,2,2,35
4827,5827,3,4,5,66
4828,5828,1,3,4,29
4829,5829,3,3,8,33
4830,5830,1,2,9,30
4831,5831,0,2,7,10
4832,5832,3,4,9,46
4833,5833,2,1,12,47
4834,5834,3,5,11,51
4835,5835,2,3,4,46
4836,5836,4,4,12,59
4837,5837,3,5,6,46
4838,5838,5,4,8,74
4839,5839,4,4,13,60
4840,5840,1,2,6,42
4841,5841,4,3,10,57
4842,5842,2,2,10,40
4843,5843,3,3,13,56
4844,5844,5,4,8,82
4845,5845,3,3,8,34
4846,5846,2,2,2,23
4847,5847,3,2,10,58
4848,5848,1,1,1,23
4849,5849,4,5,12,59
4850,5850,4,4,14,53
4851,5851,3,4,10,41
4852,5852,4,4,7,54
4853,5853,2,3,10,36
4854,5854,2,1,4,30
4855,5855,3,5,3,62
4856,5856,1,1,11,25
4857,5857,2,3,9,50
4858,5858,3,4,3,32
4859,5859,4,2,7,58
4860,5860,3,5,5,46
4861,5861,1,1,9,21
4862,5862,1,2,10,23
4863,5863,4,6,6,68
4864,5864,1,1,6,20
4865,5865,2,3,10,34
4866,5866,3,3,9,43
4867,5867,5,5,10,81
4868,5868,4,5,6,51
4869,5869,4,6,9,74
4870,5870,2,1,11,38
4871,5871,2,1,5,33
4872,5872,1,2,10,23
4873,5873,2,2,7,44
4874,5874,2,3,6,42
4875,5875,2,4,8,33
4876,5876,4,6,4,72
4877,5877,5,5,8,61
4878,5878,3,4,11,56
4879,5879,5,6,8,78
4880,5880,5,5,8,62
4881,5881,3,3,3,41
4882,5882,3,2,9,60
4883,5883,3,4,7,55
4884,5884,1,2,4,21
4885,5885,4,6,4,65
4886,5886,2,3,7,30
4887,5887,1,1,11,18
4888,5888,1,3,7,33
4889,5889,3,3,12,55
4890,5890,2,4,10,25
4891,5891,4,5,6,48
4892,5892,2,4,7,56
4893,5893,3,3,3,76
4894,5894,2,2,7,26
4895,5895,5,4,10,86
4896,5896,3,5,3,63
4897,5897,1,3,2,45
4898,5898,3,5,10,61
4899,5899,2,4,4,49
4900,5900,2,3,4,35
4901,5901,4,5,6,54
4902,5902,1,1,3,35
4903,5903,3,3,7,44
4904,5904,4,5,7,53
4905,5905,2,2,7,47
4906,5906,2,2,10,28
4907,5907,1,3,10,34
4908,5908,3,4,10,51
4909,5909,2,3,11,36
4910,5910,1,3,5,15
4911,5911,3,3,6,50
4912,5912,4,5,14,66
4913,5913,1,1,9,40
4914,5914,4,5,4,67
4915,5915,4,5,7,66
4916,5916,3,4,11,50
4917,5917,4,4,6,45
4918,5918,2,3,5,53
4919,5919,4,4,4,68
4920,5920,3,5,3,54
4921,5921,0,2,3,23
4922,5922,2,3,7,33
4923,5923,4,5,14,66
4924,5924,3,3,5,52
4925,5925,0,1,6,10
4926,5926,1,3,5,28
4927,5927,2,1,5,49
4928,5928,4,5,4,71
4929,5929,4,5,7,65
4930,5930,4,4,4,71
4931,5931,1,2,11,41
4932,5932,2,1,8,45
4933,5933,2,3,8,52
4934,5934,4,3,10,46
4935,5935,4,3,11,56
4936,5936,3,4,13,58
4937,5937,3,4,11,51
4938,5938,4,4,8,53
4939,5939,1,1,6,36
4940,5940,4,5,11,57
4941,5941,2,3,11,34
4942,5942,2,2,5,46
4943,5943,3,5,10,53
4944,5944,1,2,9,28
4945,5945,2,4,2,44
4946,5946,2,3,6,47
4947,5947,2,3,9,39
4948,5948,4,4,7,74
4949,5949,3,4,6,48
4950,5950,2,1,10,34
4951,5951,5,5,7,75
4952,5952,4,4,8,54
4953,5953,3,2,8,49
4954,5954,1,1,1,32
4955,5955,2,3,12,29
4956,5956,1,2,3,33
4957,5957,3,3,10,61
4958,5958,3,3,8,42
4959,5959,1,1,7,39
4960,5960,2,3,12,60
4961,5961,3,5,3,54
4962,5962,2,4,11,46
4963,5963,2,2,9,33
4964,5964,4,4,14,61
4965,5965,5,5,15,75
4966,5966,5,6,13,61
4967,5967,4,4,4,47
4968,5968,1,2,3,28
4969,5969,5,5,6,52
4970,5970,2,2,12,37
4971,5971,2,2,11,51
4972,5972,4,5,7,47
4973,5973,3,3,6,46
4974,5974,2,2,2,43
4975,5975,2,3,9,42
4976,5976,1,2,4,20
4977,5977,3,4,6,62
4978,5978,2,3,10,43
4979,5979,3,4,12,41
4980,5980,4,4,4,69
4981,5981,4,6,4,43
4982,5982,2,3,3,49
4983,5983,3,5,4,53
4984,5984,5,6,8,84
4985,5985,2,2,11,48
4986,5986,2,5,9,26
4987,5987,4,3,11,78
4988,5988,3,4,13,61
4989,5989,3,4,3,39
4990,5990,1,1,8,45
4991,5991,1,1,2,27
4992,5992,4,5,5,47
4993,5993,4,4,12,45
4994,5994,2,2,5,42
4995,5995,2,3,5,49
4996,5996,5,4,8,85
4997,5997,4,6,4,58
4998,5998,3,4,11,49
4999,5999,2,1,11,51
5000,6000,2,1,7,44
